"Informazioni cronologiche","Anno di nascita:","Genere in cui ti identifichi:","Ultimo titolo di studio conseguito:","Quante ore al giorno mediamente utilizzi lo smartphone?","Per cosa utilizzi principalmente lo smartphone?","Quante ore al giorno mediamente utilizzi il computer?","Per cosa utilizzi principalmente il computer?","Primo dispositivo digitale utilizzato:","Età dell'utilizzo del primo dispositivo digitale:","Dove hai imparato ad utilizzare il primo dispositivo digitale?","Oggi come ti approcci ad una nuova app/software/dispositivo?","Quanto spesso i tuoi genitori ti chiedono aiuto per utilizzare un dispositivo digitale?","Per quante ore al giorno pensi che i tuoi genitori utilizzino mediamente lo smartphone?","Per cosa pensi che i tuoi genitori utilizzino principalmente i dispositivi digitali?"
"2021/12/01 12:54:20 PM CET","1996-01-01","F","Laurea triennale;","da 3 a 5 ore;","Social (Facebook, Instagram, YouTube, etc);;Messaggistica (SMS, WhatsApp, Telegram, Facebook Messanger, etc);","da 3 a 5 ore;","Studio (note taking, consultazione libri e appunti, etc)","Computer;","da 6 a 9 anni;","Ambiente familiare (genitori, fratelli/sorelle maggiori, etc);","Approccio diretto e intuitivo;","2","da 3 a 5 ore;","Messaggistica (SMS, WhatsApp, Telegram, Facebook Messanger, etc);;Intrattenimento (Streaming di film, serie tv e/o video, gaming, etc);"
"2021/12/01 12:57:32 PM CET","1997-11-17","F","Laurea triennale;","1 o 2 ore;","Studio;;Messaggistica (SMS, WhatsApp, Telegram, Facebook Messanger, etc);","da 6 a 7;","Studio (note taking, consultazione libri e appunti, etc);Lavoro;","Smartphone;","da 10 a 13 anni;","Approccio diretto e intuitivo;","Approccio diretto e intuitivo;","3","da 3 a 5 ore;","Social (Facebook, Instagram, YouTube, etc);;Messaggistica (SMS, WhatsApp, Telegram, Facebook Messanger, etc);"
"2021/12/01 1:02:18 PM CET","1998-04-06","F","Laurea triennale;","da 3 a 5 ore;","Social (Facebook, Instagram, YouTube, etc);;Messaggistica (SMS, WhatsApp, Telegram, Facebook Messanger, etc);;Applicazioni di navigazione (Google Maps, Mappe, Waze, Moovit, etc);","più di 7.","Lavoro;","Console (videogiochi);","< 6 anni;","Ambiente familiare (genitori, fratelli/sorelle maggiori, etc);","Approccio diretto e intuitivo;","2","da 3 a 5 ore;","Messaggistica (SMS, WhatsApp, Telegram, Facebook Messanger, etc);"
"2021/12/01 1:07:40 PM CET","1995-07-10","F","Laurea triennale;","da 3 a 5 ore;","Social (Facebook, Instagram, YouTube, etc);;Messaggistica (SMS, WhatsApp, Telegram, Facebook Messanger, etc);;Applicazioni di navigazione (Google Maps, Mappe, Waze, Moovit, etc);;Fotocamera e/o videocamera;","più di 7.","Studio (note taking, consultazione libri e appunti, etc);Lavoro;","Computer;","< 6 anni;","Ambiente familiare (genitori, fratelli/sorelle maggiori, etc);","Approccio diretto e intuitivo;","3","1 o 2 ore;","Lavoro;;Social (Facebook, Instagram, YouTube, etc);;Messaggistica (SMS, WhatsApp, Telegram, Facebook Messanger, etc);;Applicazioni di navigazione (Google Maps, Mappe, Waze, Moovit, etc);"
"2021/12/01 1:09:41 PM CET","1997-03-15","F","Laurea triennale;","1 o 2 ore;","Social (Facebook, Instagram, YouTube, etc);;Messaggistica (SMS, WhatsApp, Telegram, Facebook Messanger, etc);","1 o 2 ore;","Streaming di film, serie tv e/o video;","Computer;","da 10 a 13 anni;","Ambiente familiare (genitori, fratelli/sorelle maggiori, etc);","Approccio diretto e intuitivo;","3","1 o 2 ore;","Messaggistica (SMS, WhatsApp, Telegram, Facebook Messanger, etc);;Leggere notizie, giornali digitali"
"2021/12/01 1:10:13 PM CET","1989-05-09","F","Laurea magistrale o laurea a ciclo unico.","più di 7.","Applicazioni di navigazione (Google Maps, Mappe, Waze, Moovit, etc);;Lavoro;;app per annunci e/o acquisto beni","più di 7.","Lavoro;","Computer;","da 10 a 13 anni;","Ambiente familiare (genitori, fratelli/sorelle maggiori, etc);","Approccio diretto e intuitivo;","0","da 3 a 5 ore;","Messaggistica (SMS, WhatsApp, Telegram, Facebook Messanger, etc);;Intrattenimento (Streaming di film, serie tv e/o video, gaming, etc);"
"2021/12/01 1:10:32 PM CET","1995-04-16","M","Laurea triennale;","da 6 a 7;","Social (Facebook, Instagram, YouTube, etc);;Messaggistica (SMS, WhatsApp, Telegram, Facebook Messanger, etc);","da 6 a 7;","Lavoro;;Streaming di film, serie tv e/o video;","Console (videogiochi);","da 6 a 9 anni;","Approccio diretto e intuitivo;","Approccio diretto e intuitivo;","5","da 3 a 5 ore;","Social (Facebook, Instagram, YouTube, etc);;Messaggistica (SMS, WhatsApp, Telegram, Facebook Messanger, etc);"
"2021/12/01 1:11:08 PM CET","1993-07-02","M","Diploma di scuola superiore;","1 o 2 ore;","Social (Facebook, Instagram, YouTube, etc);;Messaggistica (SMS, WhatsApp, Telegram, Facebook Messanger, etc);","da 3 a 5 ore;","Streaming di film, serie tv e/o video;;Gaming","Computer;","da 6 a 9 anni;","A scuola, con gli insegnanti;","Approccio diretto e intuitivo;","3","1 o 2 ore;","Lavoro;;Social (Facebook, Instagram, YouTube, etc);"
"2021/12/01 1:12:01 PM CET","1997-12-11","F","Laurea triennale;","più di 7.","Social (Facebook, Instagram, YouTube, etc);;Messaggistica (SMS, WhatsApp, Telegram, Facebook Messanger, etc);;Applicazioni di navigazione (Google Maps, Mappe, Waze, Moovit, etc);;Fotocamera e/o videocamera;;Intrattenimento (Streaming di film, serie tv e/o video, gaming);;Lavoro;","più di 7.","Studio (note taking, consultazione libri e appunti, etc);Lavoro;;Social (Facebook, Instagram, YouTube, etc);;Messaggistica (SMS, WhatsApp, Telegram, Facebook Messanger, etc);","Smartphone;","da 6 a 9 anni;","Per imitazione, senza chiedere aiuto;","Approccio diretto e intuitivo;","5","da 3 a 5 ore;","Social (Facebook, Instagram, YouTube, etc);;Messaggistica (SMS, WhatsApp, Telegram, Facebook Messanger, etc);;Fotografia;"
"2021/12/01 1:16:01 PM CET","1998-07-07","M","Laurea triennale;","1 o 2 ore;","Studio;;Messaggistica (SMS, WhatsApp, Telegram, Facebook Messanger, etc);;Applicazioni di navigazione (Google Maps, Mappe, Waze, Moovit, etc);","da 3 a 5 ore;","Studio (note taking, consultazione libri e appunti, etc);Lavoro;","Computer;","< 6 anni;","Ambiente familiare (genitori, fratelli/sorelle maggiori, etc);","Approccio diretto e intuitivo;","3","1 o 2 ore;","Social (Facebook, Instagram, YouTube, etc);;Messaggistica (SMS, WhatsApp, Telegram, Facebook Messanger, etc);;Applicazioni di navigazione (Google Maps, Mappe, Waze, Moovit, etc);"
"2021/12/01 1:17:21 PM CET","2000-03-27","F","Diploma di scuola superiore;","più di 7.","Studio;;Social (Facebook, Instagram, YouTube, etc);;Messaggistica (SMS, WhatsApp, Telegram, Facebook Messanger, etc);;Applicazioni di navigazione (Google Maps, Mappe, Waze, Moovit, etc);","da 3 a 5 ore;","Studio (note taking, consultazione libri e appunti, etc);Messaggistica (SMS, WhatsApp, Telegram, Facebook Messanger, etc);;Streaming di film, serie tv e/o video;","Computer;","da 6 a 9 anni;","Ambiente familiare (genitori, fratelli/sorelle maggiori, etc);","Approccio diretto e intuitivo;","4","da 3 a 5 ore;","Social (Facebook, Instagram, YouTube, etc);;Messaggistica (SMS, WhatsApp, Telegram, Facebook Messanger, etc);;giochi"
"2021/12/01 1:20:07 PM CET","1991-08-30","F","Laurea triennale;","da 6 a 7;","Social (Facebook, Instagram, YouTube, etc);;Messaggistica (SMS, WhatsApp, Telegram, Facebook Messanger, etc);","da 3 a 5 ore;","Studio (note taking, consultazione libri e appunti, etc);Streaming di film, serie tv e/o video;","Smartphone;","da 14 a 16 anni;","Approccio diretto e intuitivo;","Approccio diretto e intuitivo;","3","da 3 a 5 ore;","Messaggistica (SMS, WhatsApp, Telegram, Facebook Messanger, etc);;Applicazioni di navigazione (Google Maps, Mappe, Waze, Moovit, etc);"
"2021/12/01 1:22:31 PM CET","1997-10-02","F","Laurea triennale;","da 3 a 5 ore;","Social (Facebook, Instagram, YouTube, etc);;Messaggistica (SMS, WhatsApp, Telegram, Facebook Messanger, etc);","più di 7.","Lavoro;;Streaming di film, serie tv e/o video;","Computer;","da 6 a 9 anni;","Ambiente familiare (genitori, fratelli/sorelle maggiori, etc);","Approccio diretto e intuitivo;","2","1 o 2 ore;","Messaggistica (SMS, WhatsApp, Telegram, Facebook Messanger, etc);"
"2021/12/01 1:23:01 PM CET","1997-11-28","F","Laurea triennale;","da 3 a 5 ore;","Messaggistica (SMS, WhatsApp, Telegram, Facebook Messanger, etc);;Applicazioni di navigazione (Google Maps, Mappe, Waze, Moovit, etc);;Intrattenimento (Streaming di film, serie tv e/o video, gaming);","1 o 2 ore;","Studio (note taking, consultazione libri e appunti, etc);Streaming di film, serie tv e/o video;","Computer;","da 10 a 13 anni;","Approccio diretto e intuitivo;","Approccio diretto e intuitivo;","5","1 o 2 ore;","Messaggistica (SMS, WhatsApp, Telegram, Facebook Messanger, etc);"
"2021/12/01 1:28:40 PM CET","1988-03-29","F","Laurea magistrale o laurea a ciclo unico.","da 3 a 5 ore;","Social (Facebook, Instagram, YouTube, etc);;Messaggistica (SMS, WhatsApp, Telegram, Facebook Messanger, etc);;Applicazioni di navigazione (Google Maps, Mappe, Waze, Moovit, etc);;Lavoro;","più di 7.","Lavoro;","Console (videogiochi);","da 10 a 13 anni;","Ambiente familiare (genitori, fratelli/sorelle maggiori, etc);","Approccio diretto e intuitivo;","1","1 o 2 ore;","Social (Facebook, Instagram, YouTube, etc);;Messaggistica (SMS, WhatsApp, Telegram, Facebook Messanger, etc);;Applicazioni di navigazione (Google Maps, Mappe, Waze, Moovit, etc);"
"2021/12/01 1:29:15 PM CET","2006-02-27","M","Licenza media;","da 3 a 5 ore;","Studio;;Social (Facebook, Instagram, YouTube, etc);;Messaggistica (SMS, WhatsApp, Telegram, Facebook Messanger, etc);;Intrattenimento (Streaming di film, serie tv e/o video, gaming);","1 o 2 ore;","Studio (note taking, consultazione libri e appunti, etc);Streaming di film, serie tv e/o video;","Tablet;","< 6 anni;","Ambiente familiare (genitori, fratelli/sorelle maggiori, etc);","Approccio diretto e intuitivo;","1","1 o 2 ore;","Lavoro;;Messaggistica (SMS, WhatsApp, Telegram, Facebook Messanger, etc);"
"2021/12/01 1:30:49 PM CET","1994-07-04","F","Laurea magistrale o laurea a ciclo unico.","da 3 a 5 ore;","Social (Facebook, Instagram, YouTube, etc);;Messaggistica (SMS, WhatsApp, Telegram, Facebook Messanger, etc);;Lavoro;","da 3 a 5 ore;","Lavoro;;Streaming di film, serie tv e/o video;","Smartphone;","da 10 a 13 anni;","Approccio diretto e intuitivo;","Approccio diretto e intuitivo;","0","da 3 a 5 ore;","Social (Facebook, Instagram, YouTube, etc);;Messaggistica (SMS, WhatsApp, Telegram, Facebook Messanger, etc);"
"2021/12/01 1:31:58 PM CET","2006-11-06","F","Licenza media;","da 3 a 5 ore;","Social (Facebook, Instagram, YouTube, etc);","1 o 2 ore;","Studio (note taking, consultazione libri e appunti, etc)","Smartphone;","da 6 a 9 anni;","Ambiente familiare (genitori, fratelli/sorelle maggiori, etc);","Chiedendo a qualcuno;","2","1 o 2 ore;","Social (Facebook, Instagram, YouTube, etc);;Messaggistica (SMS, WhatsApp, Telegram, Facebook Messanger, etc);"
"2021/12/01 1:32:44 PM CET","1994-03-31","M","Laurea magistrale o laurea a ciclo unico.","da 3 a 5 ore;","Social (Facebook, Instagram, YouTube, etc);;Messaggistica (SMS, WhatsApp, Telegram, Facebook Messanger, etc);;Applicazioni di navigazione (Google Maps, Mappe, Waze, Moovit, etc);","più di 7.","Studio (note taking, consultazione libri e appunti, etc);Lavoro;;Social (Facebook, Instagram, YouTube, etc);;Streaming di film, serie tv e/o video;","Computer;","da 10 a 13 anni;","Approccio diretto e intuitivo;","Guardando un tutorial online;","5","da 3 a 5 ore;","Lavoro;;Social (Facebook, Instagram, YouTube, etc);;Messaggistica (SMS, WhatsApp, Telegram, Facebook Messanger, etc);;Applicazioni di navigazione (Google Maps, Mappe, Waze, Moovit, etc);;Intrattenimento (Streaming di film, serie tv e/o video, gaming, etc);"
"2021/12/01 1:34:05 PM CET","2001-11-13","M","Diploma di scuola superiore;","1 o 2 ore;","Social (Facebook, Instagram, YouTube, etc);;Messaggistica (SMS, WhatsApp, Telegram, Facebook Messanger, etc);","da 3 a 5 ore;","Studio (note taking, consultazione libri e appunti, etc);Lavoro;;Streaming di film, serie tv e/o video;","Computer;","da 6 a 9 anni;","Ambiente familiare (genitori, fratelli/sorelle maggiori, etc);","Approccio diretto e intuitivo;","2","da 3 a 5 ore;","Lavoro;;Social (Facebook, Instagram, YouTube, etc);;Messaggistica (SMS, WhatsApp, Telegram, Facebook Messanger, etc);"
"2021/12/01 1:41:18 PM CET","2006-12-24","F","Licenza media;","da 3 a 5 ore;","Studio;;Social (Facebook, Instagram, YouTube, etc);","1 o 2 ore;","Studio (note taking, consultazione libri e appunti, etc);Streaming di film, serie tv e/o video;","Computer;","da 6 a 9 anni;","Per imitazione, senza chiedere aiuto;","Approccio diretto e intuitivo;","5","1 o 2 ore;","Lavoro;;Messaggistica (SMS, WhatsApp, Telegram, Facebook Messanger, etc);"
"2021/12/01 1:41:44 PM CET","1998-08-03","F","Laurea triennale;","da 6 a 7;","Social (Facebook, Instagram, YouTube, etc);;Messaggistica (SMS, WhatsApp, Telegram, Facebook Messanger, etc);","1 o 2 ore;","Studio (note taking, consultazione libri e appunti, etc);Streaming di film, serie tv e/o video;","Smartphone;","da 14 a 16 anni;","Tramite amici;","Approccio diretto e intuitivo;","3","1 o 2 ore;","Messaggistica (SMS, WhatsApp, Telegram, Facebook Messanger, etc);;Fotografia;"
"2021/12/01 1:44:06 PM CET","1999-10-12","M","Diploma di scuola superiore;","da 6 a 7;","Studio;;Social (Facebook, Instagram, YouTube, etc);;Messaggistica (SMS, WhatsApp, Telegram, Facebook Messanger, etc);;Applicazioni di navigazione (Google Maps, Mappe, Waze, Moovit, etc);;Fotocamera e/o videocamera;;Intrattenimento (Streaming di film, serie tv e/o video, gaming);;Lavoro;","da 6 a 7;","Studio (note taking, consultazione libri e appunti, etc);Lavoro;;Social (Facebook, Instagram, YouTube, etc);;Messaggistica (SMS, WhatsApp, Telegram, Facebook Messanger, etc);;Applicazioni di navigazione (Google Maps, Mappe, Waze, Moovit, etc);;Streaming di film, serie tv e/o video;","Computer;","da 6 a 9 anni;","Ambiente familiare (genitori, fratelli/sorelle maggiori, etc);","Approccio diretto e intuitivo;","4","da 3 a 5 ore;","Lavoro;;Social (Facebook, Instagram, YouTube, etc);;Messaggistica (SMS, WhatsApp, Telegram, Facebook Messanger, etc);;Intrattenimento (Streaming di film, serie tv e/o video, gaming, etc);;Fotografia;"
"2021/12/01 1:45:58 PM CET","1989-07-03","F","Diploma di scuola superiore;","da 3 a 5 ore;","Social (Facebook, Instagram, YouTube, etc);;Messaggistica (SMS, WhatsApp, Telegram, Facebook Messanger, etc);;Fotocamera e/o videocamera;;Intrattenimento (Streaming di film, serie tv e/o video, gaming);;Lavoro;","da 6 a 7;","Lavoro;","Smartphone;","da 6 a 9 anni;","Per imitazione, senza chiedere aiuto;","Approccio diretto e intuitivo;","4","da 3 a 5 ore;","Social (Facebook, Instagram, YouTube, etc);;Messaggistica (SMS, WhatsApp, Telegram, Facebook Messanger, etc);"
"2021/12/01 1:46:11 PM CET","1993-08-15","F","Diploma di scuola superiore;","da 3 a 5 ore;","Social (Facebook, Instagram, YouTube, etc);;Messaggistica (SMS, WhatsApp, Telegram, Facebook Messanger, etc);","","","Computer;","da 10 a 13 anni;","Tramite amici;","Approccio diretto e intuitivo;","4","1 o 2 ore;","Messaggistica (SMS, WhatsApp, Telegram, Facebook Messanger, etc);;Fotografia;"
"2021/12/01 1:46:32 PM CET","1996-03-07","M","Laurea magistrale o laurea a ciclo unico.","1 o 2 ore;","Social (Facebook, Instagram, YouTube, etc);;Messaggistica (SMS, WhatsApp, Telegram, Facebook Messanger, etc);;Fotocamera e/o videocamera;;Lavoro;","da 3 a 5 ore;","Lavoro;;Applicazioni di navigazione (Google Maps, Mappe, Waze, Moovit, etc);","Computer;","da 6 a 9 anni;","Ambiente familiare (genitori, fratelli/sorelle maggiori, etc);","Approccio diretto e intuitivo;","3","1 o 2 ore;","Social (Facebook, Instagram, YouTube, etc);;Messaggistica (SMS, WhatsApp, Telegram, Facebook Messanger, etc);"
"2021/12/01 1:49:12 PM CET","1996-12-23","F","Laurea triennale;","da 6 a 7;","Social (Facebook, Instagram, YouTube, etc);;Fotocamera e/o videocamera;;Lavoro;","1 o 2 ore;","Lavoro;","Smartphone;","da 10 a 13 anni;","Per imitazione, senza chiedere aiuto;","Approccio diretto e intuitivo;","5","da 3 a 5 ore;","Lavoro;;Social (Facebook, Instagram, YouTube, etc);;Applicazioni di navigazione (Google Maps, Mappe, Waze, Moovit, etc);;Fotografia;"
"2021/12/01 1:51:41 PM CET","2006-01-12","F","Licenza media;","da 3 a 5 ore;","Social (Facebook, Instagram, YouTube, etc);;Messaggistica (SMS, WhatsApp, Telegram, Facebook Messanger, etc);;Intrattenimento (Streaming di film, serie tv e/o video, gaming);","1 o 2 ore;","Studio (note taking, consultazione libri e appunti, etc);Streaming di film, serie tv e/o video;","Console (videogiochi);","da 6 a 9 anni;","Ambiente familiare (genitori, fratelli/sorelle maggiori, etc);","Chiedendo a qualcuno;","3","1 o 2 ore;","Lavoro;;Messaggistica (SMS, WhatsApp, Telegram, Facebook Messanger, etc);;Fotografia;"
"2021/12/01 1:52:12 PM CET","1997-05-25","M","Diploma di scuola superiore;","da 3 a 5 ore;","Social (Facebook, Instagram, YouTube, etc);;Messaggistica (SMS, WhatsApp, Telegram, Facebook Messanger, etc);;Applicazioni di navigazione (Google Maps, Mappe, Waze, Moovit, etc);;Fotocamera e/o videocamera;;Intrattenimento (Streaming di film, serie tv e/o video, gaming);;Lavoro;","da 6 a 7;","Studio (note taking, consultazione libri e appunti, etc);Lavoro;;Messaggistica (SMS, WhatsApp, Telegram, Facebook Messanger, etc);;Streaming di film, serie tv e/o video;","Console (videogiochi);","da 6 a 9 anni;","Per imitazione, senza chiedere aiuto;","Approccio diretto e intuitivo;","5","da 3 a 5 ore;","Lavoro;;Social (Facebook, Instagram, YouTube, etc);;Messaggistica (SMS, WhatsApp, Telegram, Facebook Messanger, etc);"
"2021/12/01 2:01:24 PM CET","1993-02-11","F","Laurea triennale;","da 3 a 5 ore;","Social (Facebook, Instagram, YouTube, etc);;Messaggistica (SMS, WhatsApp, Telegram, Facebook Messanger, etc);","più di 7.","Lavoro;;Streaming di film, serie tv e/o video;","Computer;","da 10 a 13 anni;","Ambiente familiare (genitori, fratelli/sorelle maggiori, etc);","Approccio diretto e intuitivo;","4","da 3 a 5 ore;","Lavoro;;Messaggistica (SMS, WhatsApp, Telegram, Facebook Messanger, etc);"
"2021/12/01 2:05:13 PM CET","1997-04-11","F","Diploma di scuola superiore;","da 6 a 7;","Social (Facebook, Instagram, YouTube, etc);;Messaggistica (SMS, WhatsApp, Telegram, Facebook Messanger, etc);;Applicazioni di navigazione (Google Maps, Mappe, Waze, Moovit, etc);;Fotocamera e/o videocamera;;Intrattenimento (Streaming di film, serie tv e/o video, gaming);;Lavoro;","1 o 2 ore;","Studio (note taking, consultazione libri e appunti, etc);Applicazioni di navigazione (Google Maps, Mappe, Waze, Moovit, etc);;Streaming di film, serie tv e/o video;","Computer;","da 14 a 16 anni;","Ambiente familiare (genitori, fratelli/sorelle maggiori, etc);","Leggendo la documentazione;","2","da 3 a 5 ore;","Lavoro;;Messaggistica (SMS, WhatsApp, Telegram, Facebook Messanger, etc);;Applicazioni di navigazione (Google Maps, Mappe, Waze, Moovit, etc);"
"2021/12/01 2:13:47 PM CET","1990-01-01","M","Laurea magistrale o laurea a ciclo unico.","più di 7.","Studio;;Social (Facebook, Instagram, YouTube, etc);;Messaggistica (SMS, WhatsApp, Telegram, Facebook Messanger, etc);;Applicazioni di navigazione (Google Maps, Mappe, Waze, Moovit, etc);;Fotocamera e/o videocamera;;Intrattenimento (Streaming di film, serie tv e/o video, gaming);;Lavoro;","da 6 a 7;","Studio (note taking, consultazione libri e appunti, etc);Lavoro;;Social (Facebook, Instagram, YouTube, etc);;Messaggistica (SMS, WhatsApp, Telegram, Facebook Messanger, etc);;Streaming di film, serie tv e/o video;","Computer;","da 6 a 9 anni;","Ambiente familiare (genitori, fratelli/sorelle maggiori, etc);","Approccio diretto e intuitivo;","3","più di 7.","Lavoro;;Social (Facebook, Instagram, YouTube, etc);;Messaggistica (SMS, WhatsApp, Telegram, Facebook Messanger, etc);;Applicazioni di navigazione (Google Maps, Mappe, Waze, Moovit, etc);"
"2021/12/01 2:14:51 PM CET","1996-08-02","F","Laurea magistrale o laurea a ciclo unico.","da 6 a 7;","Social (Facebook, Instagram, YouTube, etc);;Messaggistica (SMS, WhatsApp, Telegram, Facebook Messanger, etc);","1 o 2 ore;","Lavoro;;Streaming di film, serie tv e/o video;","Computer;","da 10 a 13 anni;","Ambiente familiare (genitori, fratelli/sorelle maggiori, etc);","Approccio diretto e intuitivo;","3","da 3 a 5 ore;","Messaggistica (SMS, WhatsApp, Telegram, Facebook Messanger, etc);;Applicazioni di navigazione (Google Maps, Mappe, Waze, Moovit, etc);"
"2021/12/01 2:16:33 PM CET","1996-09-16","F","Diploma di scuola superiore;","1 o 2 ore;","Social (Facebook, Instagram, YouTube, etc);;Messaggistica (SMS, WhatsApp, Telegram, Facebook Messanger, etc);;Applicazioni di navigazione (Google Maps, Mappe, Waze, Moovit, etc);","da 3 a 5 ore;","Studio (note taking, consultazione libri e appunti, etc);Streaming di film, serie tv e/o video;","Computer;","da 6 a 9 anni;","A scuola, con gli insegnanti;","Approccio diretto e intuitivo;","4","da 3 a 5 ore;","Lavoro;;Messaggistica (SMS, WhatsApp, Telegram, Facebook Messanger, etc);"
"2021/12/01 2:17:45 PM CET","1990-01-29","M","Laurea magistrale o laurea a ciclo unico.","da 3 a 5 ore;","Social (Facebook, Instagram, YouTube, etc);;Messaggistica (SMS, WhatsApp, Telegram, Facebook Messanger, etc);","più di 7.","Lavoro;;Streaming di film, serie tv e/o video;","Console (videogiochi);","da 6 a 9 anni;","Ambiente familiare (genitori, fratelli/sorelle maggiori, etc);","Approccio diretto e intuitivo;","2","da 3 a 5 ore;","Social (Facebook, Instagram, YouTube, etc);;Intrattenimento (Streaming di film, serie tv e/o video, gaming, etc);"
"2021/12/01 2:20:49 PM CET","1999-01-01","F","Diploma di scuola superiore;","da 3 a 5 ore;","Social (Facebook, Instagram, YouTube, etc);;Messaggistica (SMS, WhatsApp, Telegram, Facebook Messanger, etc);","1 o 2 ore;","Studio (note taking, consultazione libri e appunti, etc);Streaming di film, serie tv e/o video;","Computer;","da 6 a 9 anni;","A scuola, con gli insegnanti;","Approccio diretto e intuitivo;","1","1 o 2 ore;","Lavoro;"
"2021/12/01 2:34:30 PM CET","1986-07-23","F","Laurea triennale;","più di 7.","Studio;;Social (Facebook, Instagram, YouTube, etc);;Messaggistica (SMS, WhatsApp, Telegram, Facebook Messanger, etc);;Applicazioni di navigazione (Google Maps, Mappe, Waze, Moovit, etc);;Fotocamera e/o videocamera;;Intrattenimento (Streaming di film, serie tv e/o video, gaming);","più di 7.","Studio (note taking, consultazione libri e appunti, etc);Lavoro;;Social (Facebook, Instagram, YouTube, etc);;Applicazioni di navigazione (Google Maps, Mappe, Waze, Moovit, etc);;Aggiornamento personale sitoweb","Computer;","da 17 a 20 anni;","A scuola, con gli insegnanti;","Leggendo la documentazione;","5","1 o 2 ore;","Social (Facebook, Instagram, YouTube, etc);;Messaggistica (SMS, WhatsApp, Telegram, Facebook Messanger, etc);;Applicazioni di navigazione (Google Maps, Mappe, Waze, Moovit, etc);;Fotografia;"
"2021/12/01 2:38:21 PM CET","1995-04-14","F","Laurea magistrale o laurea a ciclo unico.","1 o 2 ore;","Messaggistica (SMS, WhatsApp, Telegram, Facebook Messanger, etc);;Intrattenimento (Streaming di film, serie tv e/o video, gaming);","da 3 a 5 ore;","Lavoro;","Computer;","da 6 a 9 anni;","Ambiente familiare (genitori, fratelli/sorelle maggiori, etc);","Approccio diretto e intuitivo;","3","1 o 2 ore;","Social (Facebook, Instagram, YouTube, etc);;Messaggistica (SMS, WhatsApp, Telegram, Facebook Messanger, etc);"
"2021/12/01 2:38:48 PM CET","1996-02-23","M","Diploma di scuola superiore;","da 3 a 5 ore;","Social (Facebook, Instagram, YouTube, etc);;Messaggistica (SMS, WhatsApp, Telegram, Facebook Messanger, etc);;Lavoro;","da 3 a 5 ore;","Lavoro;;Messaggistica (SMS, WhatsApp, Telegram, Facebook Messanger, etc);","Computer;","da 6 a 9 anni;","Per imitazione, senza chiedere aiuto;","Approccio diretto e intuitivo;","3","1 o 2 ore;","Lavoro;;Messaggistica (SMS, WhatsApp, Telegram, Facebook Messanger, etc);;Fotografia;"
"2021/12/01 2:40:10 PM CET","1997-12-30","M","Laurea triennale;","da 3 a 5 ore;","Studio;;Social (Facebook, Instagram, YouTube, etc);;Messaggistica (SMS, WhatsApp, Telegram, Facebook Messanger, etc);;Applicazioni di navigazione (Google Maps, Mappe, Waze, Moovit, etc);","1 o 2 ore;","Studio (note taking, consultazione libri e appunti, etc);Streaming di film, serie tv e/o video;","Computer;","da 6 a 9 anni;","Ambiente familiare (genitori, fratelli/sorelle maggiori, etc);","Guardando un tutorial online;","3","1 o 2 ore;","Lavoro;;Messaggistica (SMS, WhatsApp, Telegram, Facebook Messanger, etc);"
"2021/12/01 2:42:04 PM CET","1981-08-31","M","Diploma di scuola superiore;","1 o 2 ore;","Social (Facebook, Instagram, YouTube, etc);;Messaggistica (SMS, WhatsApp, Telegram, Facebook Messanger, etc);;Applicazioni di navigazione (Google Maps, Mappe, Waze, Moovit, etc);;Intrattenimento (Streaming di film, serie tv e/o video, gaming);","1 o 2 ore;","Social (Facebook, Instagram, YouTube, etc);;Messaggistica (SMS, WhatsApp, Telegram, Facebook Messanger, etc);;Streaming di film, serie tv e/o video;","Smartphone;","da 14 a 16 anni;","Approccio diretto e intuitivo;","Approccio diretto e intuitivo;","4","1 o 2 ore;","Social (Facebook, Instagram, YouTube, etc);;Messaggistica (SMS, WhatsApp, Telegram, Facebook Messanger, etc);;Fotografia;"
"2021/12/01 2:43:54 PM CET","1997-01-24","M","Laurea triennale;","da 3 a 5 ore;","Social (Facebook, Instagram, YouTube, etc);;Messaggistica (SMS, WhatsApp, Telegram, Facebook Messanger, etc);;Applicazioni di navigazione (Google Maps, Mappe, Waze, Moovit, etc);;Intrattenimento (Streaming di film, serie tv e/o video, gaming);;Lavoro;","da 3 a 5 ore;","Lavoro;","Computer;","da 6 a 9 anni;","A scuola, con gli insegnanti;","Approccio diretto e intuitivo;","4","1 o 2 ore;","Social (Facebook, Instagram, YouTube, etc);;Messaggistica (SMS, WhatsApp, Telegram, Facebook Messanger, etc);"
"2021/12/01 2:46:14 PM CET","2001-04-09","M","Diploma di scuola superiore;","da 3 a 5 ore;","Studio;;Social (Facebook, Instagram, YouTube, etc);;Messaggistica (SMS, WhatsApp, Telegram, Facebook Messanger, etc);;Applicazioni di navigazione (Google Maps, Mappe, Waze, Moovit, etc);","1 o 2 ore;","Studio (note taking, consultazione libri e appunti, etc);Lavoro;","Tablet;","< 6 anni;","Approccio diretto e intuitivo;","Leggendo la documentazione;","3","da 3 a 5 ore;","Lavoro;;Social (Facebook, Instagram, YouTube, etc);;Messaggistica (SMS, WhatsApp, Telegram, Facebook Messanger, etc);;Intrattenimento (Streaming di film, serie tv e/o video, gaming, etc);;Fotografia;"
"2021/12/01 2:48:11 PM CET","1998-05-13","M","Laurea triennale;","da 6 a 7;","Studio;;Social (Facebook, Instagram, YouTube, etc);;Messaggistica (SMS, WhatsApp, Telegram, Facebook Messanger, etc);;Applicazioni di navigazione (Google Maps, Mappe, Waze, Moovit, etc);;Fotocamera e/o videocamera;;Intrattenimento (Streaming di film, serie tv e/o video, gaming);","da 3 a 5 ore;","Studio (note taking, consultazione libri e appunti, etc);Streaming di film, serie tv e/o video;","Console (videogiochi);","< 6 anni;","Approccio diretto e intuitivo;","Approccio diretto e intuitivo;","5","da 3 a 5 ore;","Lavoro;;Social (Facebook, Instagram, YouTube, etc);;Intrattenimento (Streaming di film, serie tv e/o video, gaming, etc);"
"2021/12/01 2:55:04 PM CET","1996-09-10","M","Laurea triennale;","1 o 2 ore;","Social (Facebook, Instagram, YouTube, etc);;Messaggistica (SMS, WhatsApp, Telegram, Facebook Messanger, etc);","","Studio (note taking, consultazione libri e appunti, etc);Applicazioni di navigazione (Google Maps, Mappe, Waze, Moovit, etc);","Smartphone;","da 10 a 13 anni;","Ambiente familiare (genitori, fratelli/sorelle maggiori, etc);","Approccio diretto e intuitivo;","3","1 o 2 ore;","Messaggistica (SMS, WhatsApp, Telegram, Facebook Messanger, etc);"
"2021/12/01 2:56:56 PM CET","2003-08-23","M","Licenza media;","da 3 a 5 ore;","Social (Facebook, Instagram, YouTube, etc);","1 o 2 ore;","Studio (note taking, consultazione libri e appunti, etc)","Console (videogiochi);","da 6 a 9 anni;","Ambiente familiare (genitori, fratelli/sorelle maggiori, etc);","Approccio diretto e intuitivo;","2","1 o 2 ore;","Messaggistica (SMS, WhatsApp, Telegram, Facebook Messanger, etc);"
"2021/12/01 3:12:57 PM CET","1995-02-06","M","Laurea magistrale o laurea a ciclo unico.","da 3 a 5 ore;","Social (Facebook, Instagram, YouTube, etc);;Messaggistica (SMS, WhatsApp, Telegram, Facebook Messanger, etc);;Applicazioni di navigazione (Google Maps, Mappe, Waze, Moovit, etc);","più di 7.","Studio (note taking, consultazione libri e appunti, etc);Lavoro;;Social (Facebook, Instagram, YouTube, etc);;Messaggistica (SMS, WhatsApp, Telegram, Facebook Messanger, etc);;Applicazioni di navigazione (Google Maps, Mappe, Waze, Moovit, etc);;Streaming di film, serie tv e/o video;","Console (videogiochi);","da 6 a 9 anni;","Ambiente familiare (genitori, fratelli/sorelle maggiori, etc);","Approccio diretto e intuitivo;","2","da 3 a 5 ore;","Lavoro;;Social (Facebook, Instagram, YouTube, etc);"
"2021/12/01 3:16:53 PM CET","1996-11-28","F","Laurea triennale;","da 3 a 5 ore;","Social (Facebook, Instagram, YouTube, etc);;Messaggistica (SMS, WhatsApp, Telegram, Facebook Messanger, etc);;Applicazioni di navigazione (Google Maps, Mappe, Waze, Moovit, etc);","1 o 2 ore;","Lavoro;;Streaming di film, serie tv e/o video;","Computer;","da 10 a 13 anni;","Ambiente familiare (genitori, fratelli/sorelle maggiori, etc);","Approccio diretto e intuitivo;","3","da 3 a 5 ore;","Social (Facebook, Instagram, YouTube, etc);;Messaggistica (SMS, WhatsApp, Telegram, Facebook Messanger, etc);;Fotografia;"
"2021/12/01 3:20:28 PM CET","2006-11-15","M","Licenza media;","da 6 a 7;","Social (Facebook, Instagram, YouTube, etc);;Messaggistica (SMS, WhatsApp, Telegram, Facebook Messanger, etc);","1 o 2 ore;","Studio (note taking, consultazione libri e appunti, etc);Streaming di film, serie tv e/o video;","Smartphone;","da 6 a 9 anni;","Ambiente familiare (genitori, fratelli/sorelle maggiori, etc);","Approccio diretto e intuitivo;","2","da 3 a 5 ore;","Lavoro;;Fotografia;"
"2021/12/01 3:32:08 PM CET","2006-12-21","M","Licenza media;","da 3 a 5 ore;","Studio;;Social (Facebook, Instagram, YouTube, etc);","1 o 2 ore;","Studio (note taking, consultazione libri e appunti, etc)","Console (videogiochi);","da 6 a 9 anni;","Ambiente familiare (genitori, fratelli/sorelle maggiori, etc);","Approccio diretto e intuitivo;","2","1 o 2 ore;","Lavoro;;Messaggistica (SMS, WhatsApp, Telegram, Facebook Messanger, etc);;Fotografia;"
"2021/12/01 4:12:33 PM CET","1996-07-13","F","Laurea triennale;","da 3 a 5 ore;","Studio;;Social (Facebook, Instagram, YouTube, etc);;Messaggistica (SMS, WhatsApp, Telegram, Facebook Messanger, etc);;Applicazioni di navigazione (Google Maps, Mappe, Waze, Moovit, etc);;Fotocamera e/o videocamera;","da 6 a 7;","Studio (note taking, consultazione libri e appunti, etc);Social (Facebook, Instagram, YouTube, etc);;Messaggistica (SMS, WhatsApp, Telegram, Facebook Messanger, etc);;Applicazioni di navigazione (Google Maps, Mappe, Waze, Moovit, etc);;Streaming di film, serie tv e/o video;","Smartphone;","da 10 a 13 anni;","Ambiente familiare (genitori, fratelli/sorelle maggiori, etc);","Approccio diretto e intuitivo;","3","da 3 a 5 ore;","Lavoro;;Messaggistica (SMS, WhatsApp, Telegram, Facebook Messanger, etc);;Applicazioni di navigazione (Google Maps, Mappe, Waze, Moovit, etc);"
"2021/12/01 4:15:50 PM CET","1998-02-03","F","Laurea triennale;","da 6 a 7;","Social (Facebook, Instagram, YouTube, etc);;Messaggistica (SMS, WhatsApp, Telegram, Facebook Messanger, etc);","da 6 a 7;","Studio (note taking, consultazione libri e appunti, etc);Streaming di film, serie tv e/o video;","Computer;","< 6 anni;","Ambiente familiare (genitori, fratelli/sorelle maggiori, etc);","Approccio diretto e intuitivo;","4","da 3 a 5 ore;","Social (Facebook, Instagram, YouTube, etc);;Messaggistica (SMS, WhatsApp, Telegram, Facebook Messanger, etc);"
"2021/12/01 4:21:47 PM CET","2003-03-04","F","Licenza media;","da 3 a 5 ore;","Social (Facebook, Instagram, YouTube, etc);;Messaggistica (SMS, WhatsApp, Telegram, Facebook Messanger, etc);;Applicazioni di navigazione (Google Maps, Mappe, Waze, Moovit, etc);","1 o 2 ore;","Studio (note taking, consultazione libri e appunti, etc);Streaming di film, serie tv e/o video;","Console (videogiochi);","da 6 a 9 anni;","Ambiente familiare (genitori, fratelli/sorelle maggiori, etc);","Per imitazione, senza chiedere aiuto;","4","1 o 2 ore;","Lavoro;;Social (Facebook, Instagram, YouTube, etc);;Messaggistica (SMS, WhatsApp, Telegram, Facebook Messanger, etc);;Applicazioni di navigazione (Google Maps, Mappe, Waze, Moovit, etc);;Fotografia;"
"2021/12/01 4:41:42 PM CET","1989-04-20","M","Laurea magistrale o laurea a ciclo unico.","1 o 2 ore;","Messaggistica (SMS, WhatsApp, Telegram, Facebook Messanger, etc);","più di 7.","Lavoro;;Streaming di film, serie tv e/o video;","Computer;","da 10 a 13 anni;","Ambiente familiare (genitori, fratelli/sorelle maggiori, etc);","Approccio diretto e intuitivo;","3","1 o 2 ore;","Messaggistica (SMS, WhatsApp, Telegram, Facebook Messanger, etc);;Fotografia;"
"2021/12/01 4:44:19 PM CET","2002-01-01","F","Diploma di scuola superiore;","da 3 a 5 ore;","Social (Facebook, Instagram, YouTube, etc);;Messaggistica (SMS, WhatsApp, Telegram, Facebook Messanger, etc);;Fotocamera e/o videocamera;","da 3 a 5 ore;","Studio (note taking, consultazione libri e appunti, etc);Streaming di film, serie tv e/o video;","Console (videogiochi);","da 6 a 9 anni;","Tramite amici;","Approccio diretto e intuitivo;","4","da 3 a 5 ore;","Lavoro;;Social (Facebook, Instagram, YouTube, etc);;Messaggistica (SMS, WhatsApp, Telegram, Facebook Messanger, etc);;Fotografia;"
"2021/12/01 4:45:05 PM CET","1998-03-27","F","Laurea magistrale o laurea a ciclo unico.","1 o 2 ore;","Social (Facebook, Instagram, YouTube, etc);;Messaggistica (SMS, WhatsApp, Telegram, Facebook Messanger, etc);","da 3 a 5 ore;","Studio (note taking, consultazione libri e appunti, etc);Streaming di film, serie tv e/o video;","Smartphone;","da 10 a 13 anni;","Approccio diretto e intuitivo;","Approccio diretto e intuitivo;","3","1 o 2 ore;","Lavoro;;Messaggistica (SMS, WhatsApp, Telegram, Facebook Messanger, etc);"
"2021/12/01 4:47:34 PM CET","1997-03-18","F","Laurea magistrale o laurea a ciclo unico.","da 3 a 5 ore;","Social (Facebook, Instagram, YouTube, etc);;Messaggistica (SMS, WhatsApp, Telegram, Facebook Messanger, etc);","1 o 2 ore;","Studio (note taking, consultazione libri e appunti, etc);Lavoro;;Streaming di film, serie tv e/o video;","Computer;","da 6 a 9 anni;","A scuola, con gli insegnanti;","Approccio diretto e intuitivo;","4","da 3 a 5 ore;","Lavoro;;Social (Facebook, Instagram, YouTube, etc);;Messaggistica (SMS, WhatsApp, Telegram, Facebook Messanger, etc);"
"2021/12/01 4:52:38 PM CET","2000-06-23","M","Diploma di scuola superiore;","da 3 a 5 ore;","Intrattenimento (Streaming di film, serie tv e/o video, gaming);","1 o 2 ore;","Studio (note taking, consultazione libri e appunti, etc);Lavoro;;Streaming di film, serie tv e/o video;","Console (videogiochi);","da 6 a 9 anni;","Ambiente familiare (genitori, fratelli/sorelle maggiori, etc);","Guardando un tutorial online;","3","da 3 a 5 ore;","Lavoro;;Social (Facebook, Instagram, YouTube, etc);;Messaggistica (SMS, WhatsApp, Telegram, Facebook Messanger, etc);"
"2021/12/01 5:04:37 PM CET","2001-01-01","F","Diploma di scuola superiore;","da 3 a 5 ore;","Studio;;Social (Facebook, Instagram, YouTube, etc);;Messaggistica (SMS, WhatsApp, Telegram, Facebook Messanger, etc);;Fotocamera e/o videocamera;","1 o 2 ore;","Studio (note taking, consultazione libri e appunti, etc);Streaming di film, serie tv e/o video;","Computer;","da 10 a 13 anni;","Tramite amici;","Guardando un tutorial online;","4","1 o 2 ore;","Lavoro;;Messaggistica (SMS, WhatsApp, Telegram, Facebook Messanger, etc);"
"2021/12/01 5:12:03 PM CET","1996-11-13","M","Laurea magistrale o laurea a ciclo unico.","da 3 a 5 ore;","Social (Facebook, Instagram, YouTube, etc);;Messaggistica (SMS, WhatsApp, Telegram, Facebook Messanger, etc);","1 o 2 ore;","Studio (note taking, consultazione libri e appunti, etc);Streaming di film, serie tv e/o video;","Tablet;","da 10 a 13 anni;","Ambiente familiare (genitori, fratelli/sorelle maggiori, etc);","Approccio diretto e intuitivo;","3","da 6 a 7;","Social (Facebook, Instagram, YouTube, etc);;Applicazioni di navigazione (Google Maps, Mappe, Waze, Moovit, etc);"
"2021/12/01 5:12:36 PM CET","1990-01-01","F","Laurea magistrale o laurea a ciclo unico.","da 3 a 5 ore;","Social (Facebook, Instagram, YouTube, etc);;Messaggistica (SMS, WhatsApp, Telegram, Facebook Messanger, etc);","più di 7.","Lavoro;;Streaming di film, serie tv e/o video;","Computer;","da 10 a 13 anni;","Ambiente familiare (genitori, fratelli/sorelle maggiori, etc);","Approccio diretto e intuitivo;","2","da 3 a 5 ore;","Social (Facebook, Instagram, YouTube, etc);;Messaggistica (SMS, WhatsApp, Telegram, Facebook Messanger, etc);"
"2021/12/01 5:20:12 PM CET","1988-08-01","M","Laurea magistrale o laurea a ciclo unico.","da 3 a 5 ore;","Studio;;Social (Facebook, Instagram, YouTube, etc);;Messaggistica (SMS, WhatsApp, Telegram, Facebook Messanger, etc);;Applicazioni di navigazione (Google Maps, Mappe, Waze, Moovit, etc);;Lavoro;","più di 7.","Lavoro;","Computer;","da 6 a 9 anni;","Approccio diretto e intuitivo;","Approccio diretto e intuitivo;","0","da 6 a 7;","Lavoro;;Social (Facebook, Instagram, YouTube, etc);;Messaggistica (SMS, WhatsApp, Telegram, Facebook Messanger, etc);;Applicazioni di navigazione (Google Maps, Mappe, Waze, Moovit, etc);"
"2021/12/01 5:28:13 PM CET","1996-10-15","F","Diploma di scuola superiore;","da 3 a 5 ore;","Studio;;Messaggistica (SMS, WhatsApp, Telegram, Facebook Messanger, etc);","1 o 2 ore;","Streaming di film, serie tv e/o video;","Smartphone;","da 10 a 13 anni;","Ambiente familiare (genitori, fratelli/sorelle maggiori, etc);","Approccio diretto e intuitivo;","3","1 o 2 ore;","Messaggistica (SMS, WhatsApp, Telegram, Facebook Messanger, etc);;Fotografia;"
"2021/12/01 6:18:10 PM CET","1998-03-21","M","Laurea triennale;","da 3 a 5 ore;","Social (Facebook, Instagram, YouTube, etc);;Messaggistica (SMS, WhatsApp, Telegram, Facebook Messanger, etc);;Intrattenimento (Streaming di film, serie tv e/o video, gaming);;Lavoro;","più di 7.","Studio (note taking, consultazione libri e appunti, etc);Lavoro;;Videogiochi","Computer;","da 6 a 9 anni;","Ambiente familiare (genitori, fratelli/sorelle maggiori, etc);","Guardando un tutorial online;","4","1 o 2 ore;","Messaggistica (SMS, WhatsApp, Telegram, Facebook Messanger, etc);"
"2021/12/01 6:22:27 PM CET","1997-04-10","M","Laurea triennale;","da 3 a 5 ore;","Social (Facebook, Instagram, YouTube, etc);","da 6 a 7;","Lavoro;","Computer;","da 6 a 9 anni;","Approccio diretto e intuitivo;","Guardando un tutorial online;","2","1 o 2 ore;","Messaggistica (SMS, WhatsApp, Telegram, Facebook Messanger, etc);"
"2021/12/01 6:33:04 PM CET","1997-04-05","F","Laurea triennale;","da 3 a 5 ore;","Social (Facebook, Instagram, YouTube, etc);;Fotocamera e/o videocamera;","da 3 a 5 ore;","Studio (note taking, consultazione libri e appunti, etc);Streaming di film, serie tv e/o video;","Console (videogiochi);","< 6 anni;","Ambiente familiare (genitori, fratelli/sorelle maggiori, etc);","Approccio diretto e intuitivo;","4","da 3 a 5 ore;","Messaggistica (SMS, WhatsApp, Telegram, Facebook Messanger, etc);;Applicazioni di navigazione (Google Maps, Mappe, Waze, Moovit, etc);;Intrattenimento (Streaming di film, serie tv e/o video, gaming, etc);"
"2021/12/01 6:33:10 PM CET","1998-01-01","F","Diploma di scuola superiore;","da 3 a 5 ore;","Social (Facebook, Instagram, YouTube, etc);;Intrattenimento (Streaming di film, serie tv e/o video, gaming);","1 o 2 ore;","Studio (note taking, consultazione libri e appunti, etc);Streaming di film, serie tv e/o video;","Computer;","da 6 a 9 anni;","Ambiente familiare (genitori, fratelli/sorelle maggiori, etc);","Approccio diretto e intuitivo;","5","da 3 a 5 ore;","Lavoro;;Social (Facebook, Instagram, YouTube, etc);;Messaggistica (SMS, WhatsApp, Telegram, Facebook Messanger, etc);;Applicazioni di navigazione (Google Maps, Mappe, Waze, Moovit, etc);"
"2021/12/01 7:06:09 PM CET","2002-06-12","F","Diploma di scuola superiore;","da 3 a 5 ore;","Social (Facebook, Instagram, YouTube, etc);;Messaggistica (SMS, WhatsApp, Telegram, Facebook Messanger, etc);","1 o 2 ore;","Studio (note taking, consultazione libri e appunti, etc);Lavoro;","Smartphone;","da 10 a 13 anni;","Ambiente familiare (genitori, fratelli/sorelle maggiori, etc);","Approccio diretto e intuitivo;","4","1 o 2 ore;","Social (Facebook, Instagram, YouTube, etc);;Messaggistica (SMS, WhatsApp, Telegram, Facebook Messanger, etc);"
"2021/12/01 7:14:18 PM CET","1998-01-01","F","Laurea triennale;","più di 7.","Social (Facebook, Instagram, YouTube, etc);;Messaggistica (SMS, WhatsApp, Telegram, Facebook Messanger, etc);","da 6 a 7;","Studio (note taking, consultazione libri e appunti, etc);Lavoro;","Computer;","da 6 a 9 anni;","Ambiente familiare (genitori, fratelli/sorelle maggiori, etc);","Approccio diretto e intuitivo;","3","da 3 a 5 ore;","Social (Facebook, Instagram, YouTube, etc);;Messaggistica (SMS, WhatsApp, Telegram, Facebook Messanger, etc);"
"2021/12/01 7:29:15 PM CET","1989-09-24","M","Laurea magistrale o laurea a ciclo unico.","1 o 2 ore;","Messaggistica (SMS, WhatsApp, Telegram, Facebook Messanger, etc);;Lavoro;","da 6 a 7;","Lavoro;;Streaming di film, serie tv e/o video;","Console (videogiochi);","da 10 a 13 anni;","Tramite amici;","Chiedendo a qualcuno;","1","1 o 2 ore;","Lavoro;;Messaggistica (SMS, WhatsApp, Telegram, Facebook Messanger, etc);"
"2021/12/01 7:42:45 PM CET","2008-03-11","F","Licenza media;","da 3 a 5 ore;","Social (Facebook, Instagram, YouTube, etc);;Messaggistica (SMS, WhatsApp, Telegram, Facebook Messanger, etc);","1 o 2 ore;","Studio (note taking, consultazione libri e appunti, etc);Streaming di film, serie tv e/o video;","Tablet;","da 6 a 9 anni;","Approccio diretto e intuitivo;","Approccio diretto e intuitivo;","1","1 o 2 ore;","Social (Facebook, Instagram, YouTube, etc);;Applicazioni di navigazione (Google Maps, Mappe, Waze, Moovit, etc);"
"2021/12/01 7:46:27 PM CET","1997-04-10","M","Laurea triennale;","da 3 a 5 ore;","Social (Facebook, Instagram, YouTube, etc);;Messaggistica (SMS, WhatsApp, Telegram, Facebook Messanger, etc);","più di 7.","Studio (note taking, consultazione libri e appunti, etc);Lavoro;","Computer;","da 6 a 9 anni;","A scuola, con gli insegnanti;","Dipende dalla complessità del tool, se è difficile uso un tutorial online, altrimenti utilizzo diretto","4","1 o 2 ore;","Lavoro;"
"2021/12/01 7:57:30 PM CET","1991-10-08","F","Laurea triennale;","più di 7.","Messaggistica (SMS, WhatsApp, Telegram, Facebook Messanger, etc);;Applicazioni di navigazione (Google Maps, Mappe, Waze, Moovit, etc);","da 6 a 7;","Studio (note taking, consultazione libri e appunti, etc);Lavoro;","Computer;","da 10 a 13 anni;","Ambiente familiare (genitori, fratelli/sorelle maggiori, etc);","Approccio diretto e intuitivo;","5","1 o 2 ore;","Messaggistica (SMS, WhatsApp, Telegram, Facebook Messanger, etc);;Google search e Notizie"
"2021/12/01 7:57:59 PM CET","1997-02-01","M","Laurea triennale;","da 3 a 5 ore;","Social (Facebook, Instagram, YouTube, etc);;Messaggistica (SMS, WhatsApp, Telegram, Facebook Messanger, etc);;Applicazioni di navigazione (Google Maps, Mappe, Waze, Moovit, etc);;Fotocamera e/o videocamera;;Intrattenimento (Streaming di film, serie tv e/o video, gaming);;Lavoro;","da 6 a 7;","Studio (note taking, consultazione libri e appunti, etc);Lavoro;","Computer;","da 6 a 9 anni;","Ambiente familiare (genitori, fratelli/sorelle maggiori, etc);","Approccio diretto e intuitivo;","3","1 o 2 ore;","Lavoro;;Messaggistica (SMS, WhatsApp, Telegram, Facebook Messanger, etc);"
"2021/12/01 8:03:18 PM CET","1984-11-07","M","Laurea magistrale o laurea a ciclo unico.","da 3 a 5 ore;","Social (Facebook, Instagram, YouTube, etc);;Applicazioni di navigazione (Google Maps, Mappe, Waze, Moovit, etc);;Fotocamera e/o videocamera;;Lavoro;","più di 7.","Lavoro;;Streaming di film, serie tv e/o video;","Console (videogiochi);","da 6 a 9 anni;","Tramite amici;","Approccio diretto e intuitivo;","2","1 o 2 ore;","Lavoro;;Social (Facebook, Instagram, YouTube, etc);;Applicazioni di navigazione (Google Maps, Mappe, Waze, Moovit, etc);"
"2021/12/01 8:12:07 PM CET","2000-09-24","F","Laurea triennale;","da 3 a 5 ore;","Social (Facebook, Instagram, YouTube, etc);;Messaggistica (SMS, WhatsApp, Telegram, Facebook Messanger, etc);;Applicazioni di navigazione (Google Maps, Mappe, Waze, Moovit, etc);","da 3 a 5 ore;","Studio (note taking, consultazione libri e appunti, etc);Messaggistica (SMS, WhatsApp, Telegram, Facebook Messanger, etc);;Streaming di film, serie tv e/o video;","Computer;","< 6 anni;","Ambiente familiare (genitori, fratelli/sorelle maggiori, etc);","Approccio diretto e intuitivo;","2","da 3 a 5 ore;","Social (Facebook, Instagram, YouTube, etc);;Messaggistica (SMS, WhatsApp, Telegram, Facebook Messanger, etc);"
"2021/12/01 8:31:38 PM CET","2001-07-14","F","Diploma di scuola superiore;","da 3 a 5 ore;","Social (Facebook, Instagram, YouTube, etc);;Messaggistica (SMS, WhatsApp, Telegram, Facebook Messanger, etc);","da 6 a 7;","Studio (note taking, consultazione libri e appunti, etc);Streaming di film, serie tv e/o video;","Smartphone;","da 10 a 13 anni;","Ambiente familiare (genitori, fratelli/sorelle maggiori, etc);","Approccio diretto e intuitivo;","2","da 3 a 5 ore;","Lavoro;;Messaggistica (SMS, WhatsApp, Telegram, Facebook Messanger, etc);"
"2021/12/01 8:54:34 PM CET","2001-07-27","M","Diploma di scuola superiore;","1 o 2 ore;","Messaggistica (SMS, WhatsApp, Telegram, Facebook Messanger, etc);;Applicazioni di navigazione (Google Maps, Mappe, Waze, Moovit, etc);;Intrattenimento (Streaming di film, serie tv e/o video, gaming);","da 3 a 5 ore;","Studio (note taking, consultazione libri e appunti, etc);Streaming di film, serie tv e/o video;","Computer;","< 6 anni;","Ambiente familiare (genitori, fratelli/sorelle maggiori, etc);","Guardando un tutorial online;","3","da 3 a 5 ore;","Social (Facebook, Instagram, YouTube, etc);;Messaggistica (SMS, WhatsApp, Telegram, Facebook Messanger, etc);;Applicazioni di navigazione (Google Maps, Mappe, Waze, Moovit, etc);;Intrattenimento (Streaming di film, serie tv e/o video, gaming, etc);"
"2021/12/01 8:58:12 PM CET","2000-08-27","M","Diploma di scuola superiore;","da 3 a 5 ore;","Social (Facebook, Instagram, YouTube, etc);;Messaggistica (SMS, WhatsApp, Telegram, Facebook Messanger, etc);","da 6 a 7;","Studio (note taking, consultazione libri e appunti, etc);Streaming di film, serie tv e/o video;","Computer;","da 10 a 13 anni;","Ambiente familiare (genitori, fratelli/sorelle maggiori, etc);","Approccio diretto e intuitivo;","2","1 o 2 ore;","Messaggistica (SMS, WhatsApp, Telegram, Facebook Messanger, etc);"
"2021/12/01 9:00:43 PM CET","1996-01-01","M","Diploma di scuola superiore;","da 3 a 5 ore;","Studio;;Social (Facebook, Instagram, YouTube, etc);;Messaggistica (SMS, WhatsApp, Telegram, Facebook Messanger, etc);;Applicazioni di navigazione (Google Maps, Mappe, Waze, Moovit, etc);;Fotocamera e/o videocamera;;Intrattenimento (Streaming di film, serie tv e/o video, gaming);;Lavoro;","1 o 2 ore;","Studio (note taking, consultazione libri e appunti, etc);Lavoro;;Social (Facebook, Instagram, YouTube, etc);;Streaming di film, serie tv e/o video;","Smartphone;","da 10 a 13 anni;","Ambiente familiare (genitori, fratelli/sorelle maggiori, etc);","Approccio diretto e intuitivo;","4","da 3 a 5 ore;","Lavoro;;Messaggistica (SMS, WhatsApp, Telegram, Facebook Messanger, etc);;Applicazioni di navigazione (Google Maps, Mappe, Waze, Moovit, etc);"
"2021/12/01 9:08:03 PM CET","1995-07-25","M","Laurea triennale;","da 3 a 5 ore;","Social (Facebook, Instagram, YouTube, etc);;Messaggistica (SMS, WhatsApp, Telegram, Facebook Messanger, etc);","più di 7.","Lavoro;;Streaming di film, serie tv e/o video;","Computer;","da 6 a 9 anni;","Per imitazione, senza chiedere aiuto;","Approccio diretto e intuitivo;","3","1 o 2 ore;","Lavoro;;Social (Facebook, Instagram, YouTube, etc);;Messaggistica (SMS, WhatsApp, Telegram, Facebook Messanger, etc);"
"2021/12/01 9:09:35 PM CET","1985-10-01","M","Laurea triennale;","da 6 a 7;","Social (Facebook, Instagram, YouTube, etc);;Messaggistica (SMS, WhatsApp, Telegram, Facebook Messanger, etc);","da 3 a 5 ore;","Lavoro;","Smartphone;","da 14 a 16 anni;","Approccio diretto e intuitivo;","Guardando un tutorial online;","3","da 3 a 5 ore;","Social (Facebook, Instagram, YouTube, etc);;Messaggistica (SMS, WhatsApp, Telegram, Facebook Messanger, etc);"
"2021/12/01 9:57:40 PM CET","2003-11-29","F","Licenza media;","da 3 a 5 ore;","Studio;;Social (Facebook, Instagram, YouTube, etc);;Messaggistica (SMS, WhatsApp, Telegram, Facebook Messanger, etc);","1 o 2 ore;","Studio (note taking, consultazione libri e appunti, etc);Applicazioni di navigazione (Google Maps, Mappe, Waze, Moovit, etc);","Console (videogiochi);","da 10 a 13 anni;","Ambiente familiare (genitori, fratelli/sorelle maggiori, etc);","Chiedendo a qualcuno;","2","1 o 2 ore;","Messaggistica (SMS, WhatsApp, Telegram, Facebook Messanger, etc);;Applicazioni di navigazione (Google Maps, Mappe, Waze, Moovit, etc);;Intrattenimento (Streaming di film, serie tv e/o video, gaming, etc);"
"2021/12/01 10:03:34 PM CET","1996-01-16","F","Diploma di scuola superiore;","da 3 a 5 ore;","Social (Facebook, Instagram, YouTube, etc);;Messaggistica (SMS, WhatsApp, Telegram, Facebook Messanger, etc);","1 o 2 ore;","Studio (note taking, consultazione libri e appunti, etc);Streaming di film, serie tv e/o video;","Console (videogiochi);","da 6 a 9 anni;","Approccio diretto e intuitivo;","Approccio diretto e intuitivo;","3","da 3 a 5 ore;","Lavoro;;Messaggistica (SMS, WhatsApp, Telegram, Facebook Messanger, etc);"
"2021/12/01 10:30:04 PM CET","1996-03-29","M","Laurea triennale;","da 3 a 5 ore;","Studio;;Social (Facebook, Instagram, YouTube, etc);;Applicazioni di navigazione (Google Maps, Mappe, Waze, Moovit, etc);;Fotocamera e/o videocamera;","più di 7.","Studio (note taking, consultazione libri e appunti, etc);Lavoro;","Computer;","da 10 a 13 anni;","Approccio diretto e intuitivo;","Guardando un tutorial online;","3","1 o 2 ore;","Lavoro;;Social (Facebook, Instagram, YouTube, etc);;Messaggistica (SMS, WhatsApp, Telegram, Facebook Messanger, etc);"
"2021/12/02 2:35:03 AM CET","2001-01-01","F","Diploma di scuola superiore;","da 3 a 5 ore;","Social (Facebook, Instagram, YouTube, etc);;Messaggistica (SMS, WhatsApp, Telegram, Facebook Messanger, etc);","1 o 2 ore;","Studio (note taking, consultazione libri e appunti, etc)","Smartphone;","da 10 a 13 anni;","Approccio diretto e intuitivo;","Approccio diretto e intuitivo;","4","da 3 a 5 ore;","Lavoro;;Messaggistica (SMS, WhatsApp, Telegram, Facebook Messanger, etc);"
"2021/12/02 2:35:04 AM CET","2000-01-01","M","Diploma di scuola superiore;","da 6 a 7;","Social (Facebook, Instagram, YouTube, etc);;Messaggistica (SMS, WhatsApp, Telegram, Facebook Messanger, etc);","da 3 a 5 ore;","Studio (note taking, consultazione libri e appunti, etc);Streaming di film, serie tv e/o video;","Console (videogiochi);","da 6 a 9 anni;","Approccio diretto e intuitivo;","Approccio diretto e intuitivo;","3","1 o 2 ore;","Lavoro;"
"2021/12/02 7:43:28 AM CET","2001-03-01","M","Diploma di scuola superiore;","da 3 a 5 ore;","Studio;;Social (Facebook, Instagram, YouTube, etc);","da 3 a 5 ore;","Studio (note taking, consultazione libri e appunti, etc)","Computer;","da 6 a 9 anni;","Ambiente familiare (genitori, fratelli/sorelle maggiori, etc);","Approccio diretto e intuitivo;","3","1 o 2 ore;","Social (Facebook, Instagram, YouTube, etc);;Messaggistica (SMS, WhatsApp, Telegram, Facebook Messanger, etc);"
"2021/12/02 9:02:18 AM CET","1998-01-01","F","Diploma di scuola superiore;","da 3 a 5 ore;","Social (Facebook, Instagram, YouTube, etc);;Messaggistica (SMS, WhatsApp, Telegram, Facebook Messanger, etc);;Applicazioni di navigazione (Google Maps, Mappe, Waze, Moovit, etc);","da 6 a 7;","Studio (note taking, consultazione libri e appunti, etc)","Computer;","da 10 a 13 anni;","Ambiente familiare (genitori, fratelli/sorelle maggiori, etc);","Approccio diretto e intuitivo;","4","1 o 2 ore;","Social (Facebook, Instagram, YouTube, etc);;Messaggistica (SMS, WhatsApp, Telegram, Facebook Messanger, etc);"
"2021/12/02 9:13:36 AM CET","1993-06-30","M","Laurea magistrale o laurea a ciclo unico.","da 3 a 5 ore;","Social (Facebook, Instagram, YouTube, etc);;Messaggistica (SMS, WhatsApp, Telegram, Facebook Messanger, etc);","più di 7.","Studio (note taking, consultazione libri e appunti, etc);Lavoro;","Computer;","da 14 a 16 anni;","Approccio diretto e intuitivo;","Approccio diretto e intuitivo;","5","1 o 2 ore;","Messaggistica (SMS, WhatsApp, Telegram, Facebook Messanger, etc);"
"2021/12/02 9:13:43 AM CET","1997-08-08","F","Laurea triennale;","","Studio;;Social (Facebook, Instagram, YouTube, etc);;Messaggistica (SMS, WhatsApp, Telegram, Facebook Messanger, etc);;Applicazioni di navigazione (Google Maps, Mappe, Waze, Moovit, etc);;Fotocamera e/o videocamera;;Intrattenimento (Streaming di film, serie tv e/o video, gaming);","1 o 2 ore;","Studio (note taking, consultazione libri e appunti, etc)","Smartphone;","da 10 a 13 anni;","Approccio diretto e intuitivo;","Approccio diretto e intuitivo;","5","più di 7.","Lavoro;;Social (Facebook, Instagram, YouTube, etc);;Messaggistica (SMS, WhatsApp, Telegram, Facebook Messanger, etc);;Applicazioni di navigazione (Google Maps, Mappe, Waze, Moovit, etc);;Intrattenimento (Streaming di film, serie tv e/o video, gaming, etc);"
"2021/12/02 9:16:51 AM CET","1991-01-04","M","Laurea triennale;","da 3 a 5 ore;","Social (Facebook, Instagram, YouTube, etc);;Messaggistica (SMS, WhatsApp, Telegram, Facebook Messanger, etc);;Applicazioni di navigazione (Google Maps, Mappe, Waze, Moovit, etc);;Fotocamera e/o videocamera;;Lavoro;","1 o 2 ore;","Lavoro;","Computer;","da 6 a 9 anni;","A scuola, con gli insegnanti;","Approccio diretto e intuitivo;","5","","Messaggistica (SMS, WhatsApp, Telegram, Facebook Messanger, etc);"
"2021/12/02 9:18:55 AM CET","1999-02-14","F","Diploma di scuola superiore;","da 3 a 5 ore;","Studio;;Social (Facebook, Instagram, YouTube, etc);;Messaggistica (SMS, WhatsApp, Telegram, Facebook Messanger, etc);;Applicazioni di navigazione (Google Maps, Mappe, Waze, Moovit, etc);","da 3 a 5 ore;","Studio (note taking, consultazione libri e appunti, etc);Lavoro;;Streaming di film, serie tv e/o video;","Smartphone;","da 10 a 13 anni;","Per imitazione, senza chiedere aiuto;","Per imitazione, senza chiedere aiuto;","5","da 3 a 5 ore;","Lavoro;;Social (Facebook, Instagram, YouTube, etc);;Messaggistica (SMS, WhatsApp, Telegram, Facebook Messanger, etc);"
"2021/12/02 9:39:05 AM CET","1996-01-29","M","Diploma di scuola superiore;","1 o 2 ore;","Social (Facebook, Instagram, YouTube, etc);;Messaggistica (SMS, WhatsApp, Telegram, Facebook Messanger, etc);","1 o 2 ore;","Studio (note taking, consultazione libri e appunti, etc);Applicazioni di navigazione (Google Maps, Mappe, Waze, Moovit, etc);","Smartphone;","da 6 a 9 anni;","Ambiente familiare (genitori, fratelli/sorelle maggiori, etc);","Per imitazione, senza chiedere aiuto;","2","1 o 2 ore;","Lavoro;;Messaggistica (SMS, WhatsApp, Telegram, Facebook Messanger, etc);"
"2021/12/02 9:40:21 AM CET","1975-02-19","M","Laurea magistrale o laurea a ciclo unico.","1 o 2 ore;","Messaggistica (SMS, WhatsApp, Telegram, Facebook Messanger, etc);;Lavoro;","da 6 a 7;","Studio (note taking, consultazione libri e appunti, etc);Lavoro;","Computer;","da 10 a 13 anni;","Ambiente familiare (genitori, fratelli/sorelle maggiori, etc);","Approccio diretto e intuitivo;","5","1 o 2 ore;","Intrattenimento (Streaming di film, serie tv e/o video, gaming, etc);"
"2021/12/02 10:03:00 AM CET","1999-01-01","F","Diploma di scuola superiore;","1 o 2 ore;","Messaggistica (SMS, WhatsApp, Telegram, Facebook Messanger, etc);;Applicazioni di navigazione (Google Maps, Mappe, Waze, Moovit, etc);","1 o 2 ore;","Lavoro;","Smartphone;","da 10 a 13 anni;","Ambiente familiare (genitori, fratelli/sorelle maggiori, etc);","Per imitazione, senza chiedere aiuto;","1","1 o 2 ore;","Lavoro;;Messaggistica (SMS, WhatsApp, Telegram, Facebook Messanger, etc);"
"2021/12/02 10:16:53 AM CET","1997-12-02","M","Laurea triennale;","da 3 a 5 ore;","Studio;;Social (Facebook, Instagram, YouTube, etc);;Messaggistica (SMS, WhatsApp, Telegram, Facebook Messanger, etc);;Applicazioni di navigazione (Google Maps, Mappe, Waze, Moovit, etc);;Intrattenimento (Streaming di film, serie tv e/o video, gaming);","da 3 a 5 ore;","Studio (note taking, consultazione libri e appunti, etc);Lavoro;;Social (Facebook, Instagram, YouTube, etc);;Messaggistica (SMS, WhatsApp, Telegram, Facebook Messanger, etc);;Streaming di film, serie tv e/o video;;Coding","Computer;","da 6 a 9 anni;","Ambiente familiare (genitori, fratelli/sorelle maggiori, etc);","Dipende","2","da 3 a 5 ore;","Lavoro;;Social (Facebook, Instagram, YouTube, etc);;Messaggistica (SMS, WhatsApp, Telegram, Facebook Messanger, etc);;Applicazioni di navigazione (Google Maps, Mappe, Waze, Moovit, etc);"
"2021/12/02 10:29:55 AM CET","1996-11-11","M","Diploma di scuola superiore;","da 3 a 5 ore;","Social (Facebook, Instagram, YouTube, etc);;Messaggistica (SMS, WhatsApp, Telegram, Facebook Messanger, etc);;Fotocamera e/o videocamera;;Navigazione in internet e applicazioni ascolto musica","da 3 a 5 ore;","Lavoro;","Computer;","da 10 a 13 anni;","Approccio diretto e intuitivo;","Approccio diretto e intuitivo;","4","1 o 2 ore;","Messaggistica (SMS, WhatsApp, Telegram, Facebook Messanger, etc);;Notizie e letture quotidiani online"
"2021/12/02 10:35:53 AM CET","2001-04-17","F","Diploma di scuola superiore;","da 6 a 7;","Messaggistica (SMS, WhatsApp, Telegram, Facebook Messanger, etc);;Applicazioni di navigazione (Google Maps, Mappe, Waze, Moovit, etc);","da 3 a 5 ore;","Studio (note taking, consultazione libri e appunti, etc)","Console (videogiochi);","da 6 a 9 anni;","Per imitazione, senza chiedere aiuto;","Approccio diretto e intuitivo;","5","da 3 a 5 ore;","Messaggistica (SMS, WhatsApp, Telegram, Facebook Messanger, etc);"
"2021/12/02 10:48:55 AM CET","1997-07-19","F","Laurea triennale;","1 o 2 ore;","Social (Facebook, Instagram, YouTube, etc);;Messaggistica (SMS, WhatsApp, Telegram, Facebook Messanger, etc);;Applicazioni di navigazione (Google Maps, Mappe, Waze, Moovit, etc);","da 3 a 5 ore;","Studio (note taking, consultazione libri e appunti, etc);Lavoro;;Streaming di film, serie tv e/o video;","Computer;","da 10 a 13 anni;","A scuola, con gli insegnanti;","Approccio diretto e intuitivo;","5","1 o 2 ore;","Lavoro;;Social (Facebook, Instagram, YouTube, etc);;Messaggistica (SMS, WhatsApp, Telegram, Facebook Messanger, etc);"
"2021/12/02 10:54:50 AM CET","1995-06-24","M","Laurea magistrale o laurea a ciclo unico.","da 3 a 5 ore;","Studio;;Social (Facebook, Instagram, YouTube, etc);;Messaggistica (SMS, WhatsApp, Telegram, Facebook Messanger, etc);;Applicazioni di navigazione (Google Maps, Mappe, Waze, Moovit, etc);;Fotocamera e/o videocamera;;Intrattenimento (Streaming di film, serie tv e/o video, gaming);","più di 7.","Studio (note taking, consultazione libri e appunti, etc);Lavoro;;Social (Facebook, Instagram, YouTube, etc);;Messaggistica (SMS, WhatsApp, Telegram, Facebook Messanger, etc);;Applicazioni di navigazione (Google Maps, Mappe, Waze, Moovit, etc);;Streaming di film, serie tv e/o video;","Console (videogiochi);","da 6 a 9 anni;","Ambiente familiare (genitori, fratelli/sorelle maggiori, etc);","Approccio diretto e intuitivo;","3","1 o 2 ore;","Social (Facebook, Instagram, YouTube, etc);;Messaggistica (SMS, WhatsApp, Telegram, Facebook Messanger, etc);;Fotografia;"
"2021/12/02 10:55:23 AM CET","1997-10-23","F","Laurea triennale;","da 3 a 5 ore;","Social (Facebook, Instagram, YouTube, etc);;Messaggistica (SMS, WhatsApp, Telegram, Facebook Messanger, etc);;Lavoro;","più di 7.","Studio (note taking, consultazione libri e appunti, etc);Lavoro;","Smartphone;","da 10 a 13 anni;","Ambiente familiare (genitori, fratelli/sorelle maggiori, etc);","Approccio diretto e intuitivo;","1","più di 7.","Lavoro;;Social (Facebook, Instagram, YouTube, etc);"
"2021/12/02 11:00:08 AM CET","1985-01-01","M","Laurea magistrale o laurea a ciclo unico.","da 3 a 5 ore;","Social (Facebook, Instagram, YouTube, etc);;Messaggistica (SMS, WhatsApp, Telegram, Facebook Messanger, etc);;Applicazioni di navigazione (Google Maps, Mappe, Waze, Moovit, etc);;Fotocamera e/o videocamera;;Intrattenimento (Streaming di film, serie tv e/o video, gaming);","1 o 2 ore;","Studio (note taking, consultazione libri e appunti, etc);Lavoro;;Messaggistica (SMS, WhatsApp, Telegram, Facebook Messanger, etc);;Streaming di film, serie tv e/o video;","Computer;","da 14 a 16 anni;","Ambiente familiare (genitori, fratelli/sorelle maggiori, etc);","Approccio diretto e intuitivo;","3","da 3 a 5 ore;","Social (Facebook, Instagram, YouTube, etc);;Messaggistica (SMS, WhatsApp, Telegram, Facebook Messanger, etc);"
"2021/12/02 11:00:13 AM CET","1996-06-05","F","Laurea magistrale o laurea a ciclo unico.","da 6 a 7;","Social (Facebook, Instagram, YouTube, etc);;Messaggistica (SMS, WhatsApp, Telegram, Facebook Messanger, etc);;Applicazioni di navigazione (Google Maps, Mappe, Waze, Moovit, etc);;Intrattenimento (Streaming di film, serie tv e/o video, gaming);","da 3 a 5 ore;","Studio (note taking, consultazione libri e appunti, etc);Streaming di film, serie tv e/o video;","Smartphone;","da 10 a 13 anni;","Ambiente familiare (genitori, fratelli/sorelle maggiori, etc);","Guardando un tutorial online;","5","1 o 2 ore;","Social (Facebook, Instagram, YouTube, etc);;Applicazioni di navigazione (Google Maps, Mappe, Waze, Moovit, etc);"
"2021/12/02 11:35:17 AM CET","2001-02-16","F","Diploma di scuola superiore;","da 3 a 5 ore;","Social (Facebook, Instagram, YouTube, etc);;Messaggistica (SMS, WhatsApp, Telegram, Facebook Messanger, etc);;Intrattenimento (Streaming di film, serie tv e/o video, gaming);","da 3 a 5 ore;","Studio (note taking, consultazione libri e appunti, etc);Streaming di film, serie tv e/o video;","Smartphone;","da 10 a 13 anni;","Approccio diretto e intuitivo;","Approccio diretto e intuitivo;","3","1 o 2 ore;","Lavoro;;Messaggistica (SMS, WhatsApp, Telegram, Facebook Messanger, etc);;Fotografia;"
"2021/12/02 11:38:21 AM CET","2001-09-12","F","Diploma di scuola superiore;","da 3 a 5 ore;","Social (Facebook, Instagram, YouTube, etc);;Intrattenimento (Streaming di film, serie tv e/o video, gaming);","da 3 a 5 ore;","Studio (note taking, consultazione libri e appunti, etc);Applicazioni di navigazione (Google Maps, Mappe, Waze, Moovit, etc);","Computer;","da 10 a 13 anni;","Per imitazione, senza chiedere aiuto;","Approccio diretto e intuitivo;","3","1 o 2 ore;","Social (Facebook, Instagram, YouTube, etc);;Messaggistica (SMS, WhatsApp, Telegram, Facebook Messanger, etc);"
"2021/12/02 11:40:18 AM CET","2001-03-29","F","Diploma di scuola superiore;","da 3 a 5 ore;","Social (Facebook, Instagram, YouTube, etc);;Messaggistica (SMS, WhatsApp, Telegram, Facebook Messanger, etc);","più di 7.","Studio (note taking, consultazione libri e appunti, etc);Applicazioni di navigazione (Google Maps, Mappe, Waze, Moovit, etc);","Tablet;","da 14 a 16 anni;","Per imitazione, senza chiedere aiuto;","Approccio diretto e intuitivo;","4","da 3 a 5 ore;","Messaggistica (SMS, WhatsApp, Telegram, Facebook Messanger, etc);;Applicazioni di navigazione (Google Maps, Mappe, Waze, Moovit, etc);"
"2021/12/02 12:12:54 PM CET","1996-02-14","M","Laurea magistrale o laurea a ciclo unico.","da 3 a 5 ore;","Social (Facebook, Instagram, YouTube, etc);;Messaggistica (SMS, WhatsApp, Telegram, Facebook Messanger, etc);;Applicazioni di navigazione (Google Maps, Mappe, Waze, Moovit, etc);;Fotocamera e/o videocamera;;Intrattenimento (Streaming di film, serie tv e/o video, gaming);;Lavoro;","da 6 a 7;","Lavoro;;Streaming di film, serie tv e/o video;","Computer;","da 6 a 9 anni;","Ambiente familiare (genitori, fratelli/sorelle maggiori, etc);","Approccio diretto e intuitivo;","3","da 6 a 7;","Lavoro;;Social (Facebook, Instagram, YouTube, etc);;Messaggistica (SMS, WhatsApp, Telegram, Facebook Messanger, etc);;Applicazioni di navigazione (Google Maps, Mappe, Waze, Moovit, etc);"
"2021/12/02 12:46:13 PM CET","1996-07-28","M","Laurea magistrale o laurea a ciclo unico.","1 o 2 ore;","Messaggistica (SMS, WhatsApp, Telegram, Facebook Messanger, etc);;Fotocamera e/o videocamera;","da 3 a 5 ore;","Studio (note taking, consultazione libri e appunti, etc);Streaming di film, serie tv e/o video;","Computer;","da 10 a 13 anni;","Approccio diretto e intuitivo;","Approccio diretto e intuitivo;","5","da 3 a 5 ore;","Messaggistica (SMS, WhatsApp, Telegram, Facebook Messanger, etc);"
"2021/12/02 12:49:34 PM CET","1009-01-03","F","Laurea magistrale o laurea a ciclo unico.","da 3 a 5 ore;","Social (Facebook, Instagram, YouTube, etc);;Messaggistica (SMS, WhatsApp, Telegram, Facebook Messanger, etc);","da 3 a 5 ore;","Studio (note taking, consultazione libri e appunti, etc)","Smartphone;","da 14 a 16 anni;","Ambiente familiare (genitori, fratelli/sorelle maggiori, etc);","Chiedendo a qualcuno;","4","1 o 2 ore;","Lavoro;;Messaggistica (SMS, WhatsApp, Telegram, Facebook Messanger, etc);"
"2021/12/02 1:07:03 PM CET","1993-06-25","M","Licenza media;","da 3 a 5 ore;","Messaggistica (SMS, WhatsApp, Telegram, Facebook Messanger, etc);;Fotocamera e/o videocamera;;Lavoro;","","","","da 14 a 16 anni;","Approccio diretto e intuitivo;","Approccio diretto e intuitivo;","4","da 6 a 7;","Social (Facebook, Instagram, YouTube, etc);;Messaggistica (SMS, WhatsApp, Telegram, Facebook Messanger, etc);;Applicazioni di navigazione (Google Maps, Mappe, Waze, Moovit, etc);;Fotografia;"
"2021/12/02 2:33:42 PM CET","1997-04-27","F","Laurea triennale;","da 3 a 5 ore;","Social (Facebook, Instagram, YouTube, etc);;Messaggistica (SMS, WhatsApp, Telegram, Facebook Messanger, etc);;Applicazioni di navigazione (Google Maps, Mappe, Waze, Moovit, etc);;Lavoro;","da 3 a 5 ore;","Studio (note taking, consultazione libri e appunti, etc);Lavoro;","Smartphone;","da 10 a 13 anni;","Approccio diretto e intuitivo;","Approccio diretto e intuitivo;","4","1 o 2 ore;","Lavoro;;Messaggistica (SMS, WhatsApp, Telegram, Facebook Messanger, etc);"
"2021/12/02 3:55:52 PM CET","1992-05-17","F","Laurea magistrale o laurea a ciclo unico.","1 o 2 ore;","Social (Facebook, Instagram, YouTube, etc);;Messaggistica (SMS, WhatsApp, Telegram, Facebook Messanger, etc);","da 6 a 7;","Studio (note taking, consultazione libri e appunti, etc);Lavoro;","Computer;","< 6 anni;","Approccio diretto e intuitivo;","Guardando un tutorial online;","3","1 o 2 ore;","Social (Facebook, Instagram, YouTube, etc);;Messaggistica (SMS, WhatsApp, Telegram, Facebook Messanger, etc);"
"2021/12/02 4:46:54 PM CET","2002-07-31","F","Diploma di scuola superiore;","più di 7.","Social (Facebook, Instagram, YouTube, etc);;Messaggistica (SMS, WhatsApp, Telegram, Facebook Messanger, etc);","da 6 a 7;","Studio (note taking, consultazione libri e appunti, etc);Streaming di film, serie tv e/o video;","Smartphone;","da 10 a 13 anni;","Per imitazione, senza chiedere aiuto;","Approccio diretto e intuitivo;","5","1 o 2 ore;","Social (Facebook, Instagram, YouTube, etc);;Messaggistica (SMS, WhatsApp, Telegram, Facebook Messanger, etc);"
"2021/12/02 8:32:27 PM CET","1999-05-18","F","Diploma di scuola superiore;","1 o 2 ore;","Social (Facebook, Instagram, YouTube, etc);;Messaggistica (SMS, WhatsApp, Telegram, Facebook Messanger, etc);;Applicazioni di navigazione (Google Maps, Mappe, Waze, Moovit, etc);","da 3 a 5 ore;","Studio (note taking, consultazione libri e appunti, etc);Streaming di film, serie tv e/o video;;Scrittura","Smartphone;","da 6 a 9 anni;","Ambiente familiare (genitori, fratelli/sorelle maggiori, etc);","Chiedendo a qualcuno;","2","da 3 a 5 ore;","Messaggistica (SMS, WhatsApp, Telegram, Facebook Messanger, etc);;Applicazioni di navigazione (Google Maps, Mappe, Waze, Moovit, etc);;Intrattenimento (Streaming di film, serie tv e/o video, gaming, etc);"
"2021/12/02 10:04:43 PM CET","1989-07-29","F","Laurea magistrale o laurea a ciclo unico.","più di 7.","Social (Facebook, Instagram, YouTube, etc);;Messaggistica (SMS, WhatsApp, Telegram, Facebook Messanger, etc);;Applicazioni di navigazione (Google Maps, Mappe, Waze, Moovit, etc);;Fotocamera e/o videocamera;;Lavoro;","1 o 2 ore;","Lavoro;","Console (videogiochi);","da 10 a 13 anni;","Approccio diretto e intuitivo;","Approccio diretto e intuitivo;","4","da 3 a 5 ore;","Social (Facebook, Instagram, YouTube, etc);;Messaggistica (SMS, WhatsApp, Telegram, Facebook Messanger, etc);"
"2021/12/03 12:21:42 AM CET","1996-12-25","F","Laurea triennale;","da 3 a 5 ore;","Messaggistica (SMS, WhatsApp, Telegram, Facebook Messanger, etc);;Intrattenimento (Streaming di film, serie tv e/o video, gaming);","da 3 a 5 ore;","Studio (note taking, consultazione libri e appunti, etc)","Computer;","da 10 a 13 anni;","Ambiente familiare (genitori, fratelli/sorelle maggiori, etc);","Approccio diretto e intuitivo;","5","da 3 a 5 ore;","Messaggistica (SMS, WhatsApp, Telegram, Facebook Messanger, etc);"
"2021/12/03 12:47:15 AM CET","1992-10-08","M","Laurea magistrale o laurea a ciclo unico.","da 6 a 7;","Messaggistica (SMS, WhatsApp, Telegram, Facebook Messanger, etc);;Lavoro;","da 3 a 5 ore;","Lavoro;","Computer;","da 14 a 16 anni;","Approccio diretto e intuitivo;","Approccio diretto e intuitivo;","0","1 o 2 ore;","Messaggistica (SMS, WhatsApp, Telegram, Facebook Messanger, etc);"
"2021/12/03 9:45:16 AM CET","1997-01-01","F","Diploma di scuola superiore;","da 3 a 5 ore;","Studio;;Social (Facebook, Instagram, YouTube, etc);;Messaggistica (SMS, WhatsApp, Telegram, Facebook Messanger, etc);;Applicazioni di navigazione (Google Maps, Mappe, Waze, Moovit, etc);","da 6 a 7;","Studio (note taking, consultazione libri e appunti, etc);Social (Facebook, Instagram, YouTube, etc);;Messaggistica (SMS, WhatsApp, Telegram, Facebook Messanger, etc);;Streaming di film, serie tv e/o video;","Smartphone;","da 10 a 13 anni;","Ambiente familiare (genitori, fratelli/sorelle maggiori, etc);","Approccio diretto e intuitivo;","3","da 3 a 5 ore;","Lavoro;;Social (Facebook, Instagram, YouTube, etc);;Messaggistica (SMS, WhatsApp, Telegram, Facebook Messanger, etc);;Fotografia;"
"2021/12/03 12:19:09 PM CET","1996-12-17","M","Diploma di scuola superiore;","da 3 a 5 ore;","Messaggistica (SMS, WhatsApp, Telegram, Facebook Messanger, etc);;Applicazioni di navigazione (Google Maps, Mappe, Waze, Moovit, etc);","più di 7.","Lavoro;;Streaming di film, serie tv e/o video;","Computer;","da 6 a 9 anni;","A scuola, con gli insegnanti;","Approccio diretto e intuitivo;","4","1 o 2 ore;","Messaggistica (SMS, WhatsApp, Telegram, Facebook Messanger, etc);;Fotografia;"
"2021/12/03 2:11:36 PM CET","2001-12-01","M","Diploma di scuola superiore;","da 3 a 5 ore;","Social (Facebook, Instagram, YouTube, etc);;Messaggistica (SMS, WhatsApp, Telegram, Facebook Messanger, etc);;Applicazioni di navigazione (Google Maps, Mappe, Waze, Moovit, etc);","più di 7.","Studio (note taking, consultazione libri e appunti, etc);Streaming di film, serie tv e/o video;","Computer;","da 6 a 9 anni;","Ambiente familiare (genitori, fratelli/sorelle maggiori, etc);","Approccio diretto e intuitivo;","2","1 o 2 ore;","Lavoro;;Messaggistica (SMS, WhatsApp, Telegram, Facebook Messanger, etc);"
"2021/12/03 3:01:42 PM CET","2004-03-24","M","Licenza media;","da 3 a 5 ore;","Social (Facebook, Instagram, YouTube, etc);;Messaggistica (SMS, WhatsApp, Telegram, Facebook Messanger, etc);","da 3 a 5 ore;","Studio (note taking, consultazione libri e appunti, etc);Streaming di film, serie tv e/o video;","Tablet;","da 10 a 13 anni;","Ambiente familiare (genitori, fratelli/sorelle maggiori, etc);","Approccio diretto e intuitivo;","3","da 3 a 5 ore;","Lavoro;;Messaggistica (SMS, WhatsApp, Telegram, Facebook Messanger, etc);"
"2021/12/03 3:29:03 PM CET","1998-11-12","M","Laurea triennale;","1 o 2 ore;","Social (Facebook, Instagram, YouTube, etc);;Messaggistica (SMS, WhatsApp, Telegram, Facebook Messanger, etc);;Applicazioni di navigazione (Google Maps, Mappe, Waze, Moovit, etc);","da 6 a 7;","Studio (note taking, consultazione libri e appunti, etc)","Smartphone;","da 10 a 13 anni;","Ambiente familiare (genitori, fratelli/sorelle maggiori, etc);","Guardando un tutorial online;","2","1 o 2 ore;","Lavoro;;Messaggistica (SMS, WhatsApp, Telegram, Facebook Messanger, etc);"
"2021/12/03 6:46:49 PM CET","1997-07-24","M","Laurea triennale;","da 3 a 5 ore;","Social (Facebook, Instagram, YouTube, etc);;Messaggistica (SMS, WhatsApp, Telegram, Facebook Messanger, etc);","da 3 a 5 ore;","Studio (note taking, consultazione libri e appunti, etc);Social (Facebook, Instagram, YouTube, etc);","Computer;","< 6 anni;","Ambiente familiare (genitori, fratelli/sorelle maggiori, etc);","Approccio diretto e intuitivo;","3","da 3 a 5 ore;","Messaggistica (SMS, WhatsApp, Telegram, Facebook Messanger, etc);"
"2021/12/06 5:09:35 PM CET","2006-05-22","M","Licenza media;","da 3 a 5 ore;","Studio;;Intrattenimento (Streaming di film, serie tv e/o video, gaming);","1 o 2 ore;","Studio (note taking, consultazione libri e appunti, etc)","Console (videogiochi);","da 6 a 9 anni;","Approccio diretto e intuitivo;","Approccio diretto e intuitivo;","2","da 3 a 5 ore;","Social (Facebook, Instagram, YouTube, etc);;Intrattenimento (Streaming di film, serie tv e/o video, gaming, etc);"
"2021/12/06 5:13:20 PM CET","2009-04-28","F","Licenza media;","da 3 a 5 ore;","Studio ed intrattenimento ","1 o 2 ore;","Studio (note taking, consultazione libri e appunti, etc)","Smartphone;","da 10 a 13 anni;","Ambiente familiare (genitori, fratelli/sorelle maggiori, etc);","Guardando un tutorial online;","3","1 o 2 ore;","Lavoro;;Fotografia;"
"2021/12/06 5:14:59 PM CET","2007-07-07","M","Licenza media;","da 3 a 5 ore;","Social (Facebook, Instagram, YouTube, etc);;Messaggistica (SMS, WhatsApp, Telegram, Facebook Messanger, etc);","","Non c'è l'ho","Tablet;","da 10 a 13 anni;","Ambiente familiare (genitori, fratelli/sorelle maggiori, etc);","Chiedendo a qualcuno;","5","da 6 a 7;","Lavoro;;Social (Facebook, Instagram, YouTube, etc);;Applicazioni di navigazione (Google Maps, Mappe, Waze, Moovit, etc);;Intrattenimento (Streaming di film, serie tv e/o video, gaming, etc);"
"2021/12/06 5:21:40 PM CET","2007-08-29","M","Licenza media;","1 o 2 ore;","Studio;;Social (Facebook, Instagram, YouTube, etc);;Messaggistica (SMS, WhatsApp, Telegram, Facebook Messanger, etc);;Applicazioni di navigazione (Google Maps, Mappe, Waze, Moovit, etc);;Fotocamera e/o videocamera;;Intrattenimento (Streaming di film, serie tv e/o video, gaming);","1 o 2 ore;","Studio (note taking, consultazione libri e appunti, etc);Applicazioni di navigazione (Google Maps, Mappe, Waze, Moovit, etc);;Streaming di film, serie tv e/o video;","Console (videogiochi);","da 6 a 9 anni;","Ambiente familiare (genitori, fratelli/sorelle maggiori, etc);","Approccio diretto e intuitivo;","2","1 o 2 ore;","Lavoro;;Messaggistica (SMS, WhatsApp, Telegram, Facebook Messanger, etc);;Applicazioni di navigazione (Google Maps, Mappe, Waze, Moovit, etc);;Fotografia;"
"2021/12/06 5:25:05 PM CET","2007-09-18","F","Licenza media;","1 o 2 ore;","Studio;;Applicazioni di navigazione (Google Maps, Mappe, Waze, Moovit, etc);","1 o 2 ore;","Studio (note taking, consultazione libri e appunti, etc);Bricolage","Smartphone;","da 10 a 13 anni;","Ambiente familiare (genitori, fratelli/sorelle maggiori, etc);","Chiedendo a qualcuno;","4","1 o 2 ore;","Lavoro;;Fotografia;"
"2021/12/06 5:36:42 PM CET","2007-01-01","M","Licenza media;","da 3 a 5 ore;","Social (Facebook, Instagram, YouTube, etc);","1 o 2 ore;","Studio (note taking, consultazione libri e appunti, etc)","Tablet;","da 10 a 13 anni;","Ambiente familiare (genitori, fratelli/sorelle maggiori, etc);","Chiedendo a qualcuno;","2","da 3 a 5 ore;","Lavoro;"
"2021/12/06 5:46:46 PM CET","2007-01-21","M","Licenza media;","da 3 a 5 ore;","Social (Facebook, Instagram, YouTube, etc);;Fotocamera e/o videocamera;","da 3 a 5 ore;","Studio (note taking, consultazione libri e appunti, etc)","Tablet;","da 6 a 9 anni;","Ambiente familiare (genitori, fratelli/sorelle maggiori, etc);","Leggendo la documentazione;","4","1 o 2 ore;","Lavoro;;Messaggistica (SMS, WhatsApp, Telegram, Facebook Messanger, etc);"
"2021/12/06 6:15:27 PM CET","2007-04-04","M","Licenza media;","1 o 2 ore;","Messaggistica (SMS, WhatsApp, Telegram, Facebook Messanger, etc);;Applicazioni di navigazione (Google Maps, Mappe, Waze, Moovit, etc);;Intrattenimento (Streaming di film, serie tv e/o video, gaming);","1 o 2 ore;","Studio (note taking, consultazione libri e appunti, etc)","Console (videogiochi);","da 10 a 13 anni;","Ambiente familiare (genitori, fratelli/sorelle maggiori, etc);","Leggendo la documentazione;","2","da 3 a 5 ore;","Lavoro;;Messaggistica (SMS, WhatsApp, Telegram, Facebook Messanger, etc);;Applicazioni di navigazione (Google Maps, Mappe, Waze, Moovit, etc);;Intrattenimento (Streaming di film, serie tv e/o video, gaming, etc);"
"2021/12/06 10:57:06 PM CET","2004-01-01","M","Licenza media;","da 3 a 5 ore;","Social (Facebook, Instagram, YouTube, etc);;Messaggistica (SMS, WhatsApp, Telegram, Facebook Messanger, etc);","1 o 2 ore;","Studio (note taking, consultazione libri e appunti, etc);Lavoro;","Smartphone;","da 6 a 9 anni;","Ambiente familiare (genitori, fratelli/sorelle maggiori, etc);","Approccio diretto e intuitivo;","3","1 o 2 ore;","Messaggistica (SMS, WhatsApp, Telegram, Facebook Messanger, etc);"
"2021/12/07 3:10:54 PM CET","2007-03-19","M","Licenza media;","1 o 2 ore;","Social (Facebook, Instagram, YouTube, etc);;cose private","1 o 2 ore;","Studio (note taking, consultazione libri e appunti, etc);Streaming di film, serie tv e/o video;","Smartphone;","da 10 a 13 anni;","Approccio diretto e intuitivo;","Approccio diretto e intuitivo;","5","1 o 2 ore;","Lavoro;"
"2021/12/07 3:37:09 PM CET","2007-05-04","M","Licenza media;","da 3 a 5 ore;","Social (Facebook, Instagram, YouTube, etc);;Messaggistica (SMS, WhatsApp, Telegram, Facebook Messanger, etc);","1 o 2 ore;","Studio (note taking, consultazione libri e appunti, etc)","Console (videogiochi);","da 6 a 9 anni;","Ambiente familiare (genitori, fratelli/sorelle maggiori, etc);","Leggendo la documentazione;","3","1 o 2 ore;","Lavoro;;Messaggistica (SMS, WhatsApp, Telegram, Facebook Messanger, etc);"
"2021/12/08 10:56:34 AM CET","2007-04-07","M","Licenza media;","1 o 2 ore;","Social (Facebook, Instagram, YouTube, etc);;Messaggistica (SMS, WhatsApp, Telegram, Facebook Messanger, etc);","1 o 2 ore;","Studio (note taking, consultazione libri e appunti, etc)","Console (videogiochi);","da 10 a 13 anni;","Ambiente familiare (genitori, fratelli/sorelle maggiori, etc);","Approccio diretto e intuitivo;","3","1 o 2 ore;","Messaggistica (SMS, WhatsApp, Telegram, Facebook Messanger, etc);;Applicazioni di navigazione (Google Maps, Mappe, Waze, Moovit, etc);"
"2021/12/08 1:35:26 PM CET","2007-04-05","F","Licenza media;","da 3 a 5 ore;","Studio;;Messaggistica (SMS, WhatsApp, Telegram, Facebook Messanger, etc);;Applicazioni di navigazione (Google Maps, Mappe, Waze, Moovit, etc);;Fotocamera e/o videocamera;;musica","1 o 2 ore;","Studio (note taking, consultazione libri e appunti, etc)","Tablet;","da 10 a 13 anni;","Ambiente familiare (genitori, fratelli/sorelle maggiori, etc);","Approccio diretto e intuitivo;","3","da 3 a 5 ore;","Social (Facebook, Instagram, YouTube, etc);;Messaggistica (SMS, WhatsApp, Telegram, Facebook Messanger, etc);"
"2021/12/09 11:05:03 AM CET","2007-08-24","F","Licenza media;","da 3 a 5 ore;","Social (Facebook, Instagram, YouTube, etc);;Intrattenimento (Streaming di film, serie tv e/o video, gaming);","1 o 2 ore;","Studio (note taking, consultazione libri e appunti, etc);Streaming di film, serie tv e/o video;","Smartphone;","da 10 a 13 anni;","Ambiente familiare (genitori, fratelli/sorelle maggiori, etc);","Approccio diretto e intuitivo;","3","1 o 2 ore;","Lavoro;;Messaggistica (SMS, WhatsApp, Telegram, Facebook Messanger, etc);"
"2021/12/09 11:06:25 AM CET","2007-02-13","M","Licenza media;","da 3 a 5 ore;","Social (Facebook, Instagram, YouTube, etc);","1 o 2 ore;","Applicazioni di navigazione (Google Maps, Mappe, Waze, Moovit, etc);","Console (videogiochi);","da 6 a 9 anni;","Ambiente familiare (genitori, fratelli/sorelle maggiori, etc);","Per imitazione, senza chiedere aiuto;","5","1 o 2 ore;","Lavoro;"
"2021/12/09 11:06:29 AM CET","2021-12-09","M","Licenza media;","da 3 a 5 ore;","Social (Facebook, Instagram, YouTube, etc);;Messaggistica (SMS, WhatsApp, Telegram, Facebook Messanger, etc);;Intrattenimento (Streaming di film, serie tv e/o video, gaming);","1 o 2 ore;","Studio (note taking, consultazione libri e appunti, etc)","Console (videogiochi);","da 6 a 9 anni;","Approccio diretto e intuitivo;","Guardando un tutorial online;","5","1 o 2 ore;","Lavoro;;Messaggistica (SMS, WhatsApp, Telegram, Facebook Messanger, etc);"
"2021/12/09 11:06:42 AM CET","2013-07-01","M","Licenza media;","1 o 2 ore;","Social (Facebook, Instagram, YouTube, etc);;Intrattenimento (Streaming di film, serie tv e/o video, gaming);","1 o 2 ore;","Studio (note taking, consultazione libri e appunti, etc)","Computer;","da 10 a 13 anni;","Approccio diretto e intuitivo;","Approccio diretto e intuitivo;","2","1 o 2 ore;","Lavoro;;Messaggistica (SMS, WhatsApp, Telegram, Facebook Messanger, etc);"
"2021/12/09 11:07:12 AM CET","2007-09-27","M","Licenza media;","1 o 2 ore;","Messaggistica (SMS, WhatsApp, Telegram, Facebook Messanger, etc);;Applicazioni di navigazione (Google Maps, Mappe, Waze, Moovit, etc);;Intrattenimento (Streaming di film, serie tv e/o video, gaming);","1 o 2 ore;","Streaming di film, serie tv e/o video;","Smartphone;","da 10 a 13 anni;","Ambiente familiare (genitori, fratelli/sorelle maggiori, etc);","Guardando un tutorial online;","4","1 o 2 ore;","Social (Facebook, Instagram, YouTube, etc);;Messaggistica (SMS, WhatsApp, Telegram, Facebook Messanger, etc);;Applicazioni di navigazione (Google Maps, Mappe, Waze, Moovit, etc);"
"2021/12/09 11:07:12 AM CET","2007-08-19","M","Licenza media;","da 3 a 5 ore;","Social (Facebook, Instagram, YouTube, etc);;Messaggistica (SMS, WhatsApp, Telegram, Facebook Messanger, etc);;Applicazioni di navigazione (Google Maps, Mappe, Waze, Moovit, etc);","1 o 2 ore;","Studio (note taking, consultazione libri e appunti, etc);Applicazioni di navigazione (Google Maps, Mappe, Waze, Moovit, etc);","Smartphone;","da 10 a 13 anni;","Ambiente familiare (genitori, fratelli/sorelle maggiori, etc);","Approccio diretto e intuitivo;","3","1 o 2 ore;","Lavoro;;Social (Facebook, Instagram, YouTube, etc);;Messaggistica (SMS, WhatsApp, Telegram, Facebook Messanger, etc);"
"2021/12/09 11:07:33 AM CET","2021-12-09","M","Licenza media;","1 o 2 ore;","Messaggistica (SMS, WhatsApp, Telegram, Facebook Messanger, etc);","1 o 2 ore;","Studio (note taking, consultazione libri e appunti, etc)","Console (videogiochi);","da 6 a 9 anni;","Approccio diretto e intuitivo;","Approccio diretto e intuitivo;","3","da 3 a 5 ore;","Lavoro;;Messaggistica (SMS, WhatsApp, Telegram, Facebook Messanger, etc);"
"2021/12/09 11:07:55 AM CET","2007-04-01","M","Licenza media;","da 6 a 7;","Applicazioni di navigazione (Google Maps, Mappe, Waze, Moovit, etc);;Intrattenimento (Streaming di film, serie tv e/o video, gaming);","1 o 2 ore;","Studio (note taking, consultazione libri e appunti, etc)","Computer;","da 6 a 9 anni;","Ambiente familiare (genitori, fratelli/sorelle maggiori, etc);","Approccio diretto e intuitivo;","0","","Lavoro;;Social (Facebook, Instagram, YouTube, etc);"
"2021/12/09 11:08:22 AM CET","2007-08-07","M","Licenza media;","da 3 a 5 ore;","Social (Facebook, Instagram, YouTube, etc);;Fotocamera e/o videocamera;;Intrattenimento (Streaming di film, serie tv e/o video, gaming);","1 o 2 ore;","Studio (note taking, consultazione libri e appunti, etc);Social (Facebook, Instagram, YouTube, etc);;Applicazioni di navigazione (Google Maps, Mappe, Waze, Moovit, etc);;Streaming di film, serie tv e/o video;","Console (videogiochi);","< 6 anni;","Per imitazione, senza chiedere aiuto;","Per imitazione, senza chiedere aiuto;","3","più di 7.","Lavoro;;Social (Facebook, Instagram, YouTube, etc);;Messaggistica (SMS, WhatsApp, Telegram, Facebook Messanger, etc);;Fotografia;"
"2021/12/09 11:09:04 AM CET","2007-06-01","F","Licenza media;","più di 7.","Social (Facebook, Instagram, YouTube, etc);;Messaggistica (SMS, WhatsApp, Telegram, Facebook Messanger, etc);","da 3 a 5 ore;","Studio (note taking, consultazione libri e appunti, etc);Streaming di film, serie tv e/o video;","Smartphone;","da 10 a 13 anni;","Ambiente familiare (genitori, fratelli/sorelle maggiori, etc);","Guardando un tutorial online;","2","da 3 a 5 ore;","Lavoro;;Applicazioni di navigazione (Google Maps, Mappe, Waze, Moovit, etc);"
"2021/12/09 11:09:13 AM CET","2007-07-31","M","Licenza media;","da 3 a 5 ore;","Social (Facebook, Instagram, YouTube, etc);;Messaggistica (SMS, WhatsApp, Telegram, Facebook Messanger, etc);;Applicazioni di navigazione (Google Maps, Mappe, Waze, Moovit, etc);;Intrattenimento (Streaming di film, serie tv e/o video, gaming);","1 o 2 ore;","Studio (note taking, consultazione libri e appunti, etc);Streaming di film, serie tv e/o video;","Tablet;","da 6 a 9 anni;","Ambiente familiare (genitori, fratelli/sorelle maggiori, etc);","Chiedendo a qualcuno;","3","da 3 a 5 ore;","Lavoro;;Messaggistica (SMS, WhatsApp, Telegram, Facebook Messanger, etc);"
"2021/12/09 11:10:17 AM CET","2007-02-27","M","Licenza media;","da 3 a 5 ore;","Studio;;Social (Facebook, Instagram, YouTube, etc);;Messaggistica (SMS, WhatsApp, Telegram, Facebook Messanger, etc);;Applicazioni di navigazione (Google Maps, Mappe, Waze, Moovit, etc);;Fotocamera e/o videocamera;","1 o 2 ore;","Studio (note taking, consultazione libri e appunti, etc);Messaggistica (SMS, WhatsApp, Telegram, Facebook Messanger, etc);;Applicazioni di navigazione (Google Maps, Mappe, Waze, Moovit, etc);;Streaming di film, serie tv e/o video;","Computer;","da 6 a 9 anni;","Ambiente familiare (genitori, fratelli/sorelle maggiori, etc);","Approccio diretto e intuitivo;","1","più di 7.","Lavoro;;Messaggistica (SMS, WhatsApp, Telegram, Facebook Messanger, etc);;Applicazioni di navigazione (Google Maps, Mappe, Waze, Moovit, etc);;Fotografia;"
"2021/12/12 6:00:14 PM CET","2008-06-24","M","","da 3 a 5 ore;","Social (Facebook, Instagram, YouTube, etc);;Messaggistica (SMS, WhatsApp, Telegram, Facebook Messanger, etc);;Intrattenimento (Streaming di film, serie tv e/o video, gaming);","1 o 2 ore;","Studio (note taking, consultazione libri e appunti, etc);Videogiochi","Tablet;","< 6 anni;","Ambiente familiare (genitori, fratelli/sorelle maggiori, etc);","Approccio diretto e intuitivo;","2","da 3 a 5 ore;","Lavoro;;Messaggistica (SMS, WhatsApp, Telegram, Facebook Messanger, etc);;Intrattenimento (Streaming di film, serie tv e/o video, gaming, etc);"